date,currency_pair,exchange_rate,daily_change_pct
2024-01-01,USD/INR,83.0805,-0.14
2024-01-02,USD/INR,83.0767,-0.0
2024-01-03,USD/INR,82.9744,-0.12
2024-01-04,USD/INR,82.7772,-0.24
2024-01-05,USD/INR,82.7343,-0.05
2024-01-08,USD/INR,82.5294,-0.25
2024-01-09,USD/INR,82.4215,-0.13
2024-01-10,USD/INR,82.6165,0.24
2024-01-11,USD/INR,82.6326,0.02
2024-01-12,USD/INR,82.5103,-0.15
2024-01-15,USD/INR,82.5943,0.1
2024-01-16,USD/INR,82.5353,-0.07
2024-01-17,USD/INR,82.6105,0.09
2024-01-18,USD/INR,82.5429,-0.08
2024-01-19,USD/INR,82.7951,0.31
2024-01-22,USD/INR,83.0573,0.32
2024-01-23,USD/INR,83.0053,-0.06
2024-01-24,USD/INR,83.0715,0.08
2024-01-25,USD/INR,82.8029,-0.32
2024-01-26,USD/INR,82.7459,-0.07
2024-01-29,USD/INR,82.7125,-0.04
2024-01-30,USD/INR,82.6198,-0.11
2024-01-31,USD/INR,82.6155,-0.01
2024-02-01,USD/INR,82.5702,-0.05
2024-02-02,USD/INR,82.5435,-0.03
2024-02-05,USD/INR,82.5967,0.06
2024-02-06,USD/INR,82.5413,-0.07
2024-02-07,USD/INR,82.5598,0.02
2024-02-08,USD/INR,82.2827,-0.34
2024-02-09,USD/INR,82.4741,0.23
2024-02-12,USD/INR,82.6332,0.19
2024-02-13,USD/INR,82.7036,0.09
2024-02-14,USD/INR,82.806,0.12
2024-02-15,USD/INR,82.9451,0.17
2024-02-16,USD/INR,83.1583,0.26
2024-02-19,USD/INR,83.3946,0.28
2024-02-20,USD/INR,83.5685,0.21
2024-02-21,USD/INR,82.9858,-0.7
2024-02-22,USD/INR,82.8294,-0.19
2024-02-23,USD/INR,82.7483,-0.1
2024-02-26,USD/INR,82.9088,0.19
2024-02-27,USD/INR,82.7605,-0.18
2024-02-28,USD/INR,83.1342,0.45
2024-02-29,USD/INR,83.3603,0.27
2024-03-01,USD/INR,83.3378,-0.03
2024-03-04,USD/INR,83.4948,0.19
2024-03-05,USD/INR,83.7078,0.26
2024-03-06,USD/INR,83.5762,-0.16
2024-03-07,USD/INR,83.5413,-0.04
2024-03-08,USD/INR,83.5439,0.0
2024-03-11,USD/INR,83.5978,0.06
2024-03-12,USD/INR,83.3039,-0.35
2024-03-13,USD/INR,83.3526,0.06
2024-03-14,USD/INR,83.2724,-0.1
2024-03-15,USD/INR,83.1284,-0.17
2024-03-18,USD/INR,83.081,-0.06
2024-03-19,USD/INR,83.509,0.52
2024-03-20,USD/INR,83.6335,0.15
2024-03-21,USD/INR,83.5912,-0.05
2024-03-22,USD/INR,83.6949,0.12
2024-03-25,USD/INR,83.7084,0.02
2024-03-26,USD/INR,83.675,-0.04
2024-03-27,USD/INR,83.8792,0.24
2024-03-28,USD/INR,83.9942,0.14
2024-03-29,USD/INR,83.8846,-0.13
2024-04-01,USD/INR,83.7017,-0.22
2024-04-02,USD/INR,83.6138,-0.1
2024-04-03,USD/INR,83.4229,-0.23
2024-04-04,USD/INR,83.5697,0.18
2024-04-05,USD/INR,83.5242,-0.05
2024-04-08,USD/INR,83.6434,0.14
2024-04-09,USD/INR,83.5019,-0.17
2024-04-10,USD/INR,83.5754,0.09
2024-04-11,USD/INR,83.6365,0.07
2024-04-12,USD/INR,83.7147,0.09
2024-04-15,USD/INR,83.4558,-0.31
2024-04-16,USD/INR,83.6178,0.19
2024-04-17,USD/INR,83.5632,-0.07
2024-04-18,USD/INR,83.3404,-0.27
2024-04-19,USD/INR,83.4542,0.14
2024-04-22,USD/INR,83.7442,0.35
2024-04-23,USD/INR,84.0117,0.32
2024-04-24,USD/INR,83.8107,-0.24
2024-04-25,USD/INR,83.8152,0.01
2024-04-26,USD/INR,84.1507,0.4
2024-04-29,USD/INR,84.0624,-0.1
2024-04-30,USD/INR,84.0536,-0.01
2024-05-01,USD/INR,84.1177,0.08
2024-05-02,USD/INR,84.5095,0.47
2024-05-03,USD/INR,84.6027,0.11
2024-05-06,USD/INR,84.5992,-0.0
2024-05-07,USD/INR,84.7756,0.21
2024-05-08,USD/INR,84.7252,-0.06
2024-05-09,USD/INR,84.6278,-0.12
2024-05-10,USD/INR,85.0032,0.44
2024-05-13,USD/INR,85.2336,0.27
2024-05-14,USD/INR,85.1358,-0.11
2024-05-15,USD/INR,85.0526,-0.1
2024-05-16,USD/INR,84.9271,-0.15
2024-05-17,USD/INR,84.9089,-0.02
2024-05-20,USD/INR,85.0031,0.11
2024-05-21,USD/INR,85.1047,0.12
2024-05-22,USD/INR,85.1659,0.07
2024-05-23,USD/INR,85.155,-0.01
2024-05-24,USD/INR,85.067,-0.1
2024-05-27,USD/INR,85.087,0.02
2024-05-28,USD/INR,84.9297,-0.18
2024-05-29,USD/INR,85.3173,0.46
2024-05-30,USD/INR,85.0049,-0.37
2024-05-31,USD/INR,85.0698,0.08
2024-06-03,USD/INR,84.9043,-0.19
2024-06-04,USD/INR,84.8186,-0.1
2024-06-05,USD/INR,84.9294,0.13
2024-06-06,USD/INR,85.0791,0.18
2024-06-07,USD/INR,85.1724,0.11
2024-06-10,USD/INR,85.133,-0.05
2024-06-11,USD/INR,85.015,-0.14
2024-06-12,USD/INR,84.9572,-0.07
2024-06-13,USD/INR,85.0391,0.1
2024-06-14,USD/INR,84.8869,-0.18
2024-06-17,USD/INR,84.8868,-0.0
2024-06-18,USD/INR,85.0013,0.13
2024-06-19,USD/INR,84.9015,-0.12
2024-06-20,USD/INR,84.9516,0.06
2024-06-21,USD/INR,84.8026,-0.18
2024-06-24,USD/INR,85.0481,0.29
2024-06-25,USD/INR,84.9748,-0.09
2024-06-26,USD/INR,85.033,0.07
2024-06-27,USD/INR,85.1033,0.08
2024-06-28,USD/INR,84.8766,-0.27
2024-07-01,USD/INR,84.8642,-0.01
2024-07-02,USD/INR,84.8669,0.0
2024-07-03,USD/INR,85.1351,0.32
2024-07-04,USD/INR,85.3259,0.22
2024-07-05,USD/INR,85.3664,0.05
2024-07-08,USD/INR,85.3946,0.03
2024-07-09,USD/INR,85.4454,0.06
2024-07-10,USD/INR,85.606,0.19
2024-07-11,USD/INR,85.3346,-0.32
2024-07-12,USD/INR,85.2927,-0.05
2024-07-15,USD/INR,85.3984,0.12
2024-07-16,USD/INR,85.4146,0.02
2024-07-17,USD/INR,85.7022,0.34
2024-07-18,USD/INR,85.5286,-0.2
2024-07-19,USD/INR,85.86,0.39
2024-07-22,USD/INR,86.1042,0.28
2024-07-23,USD/INR,86.291,0.22
2024-07-24,USD/INR,86.2897,-0.0
2024-07-25,USD/INR,86.2569,-0.04
2024-07-26,USD/INR,86.4428,0.22
2024-07-29,USD/INR,86.3497,-0.11
2024-07-30,USD/INR,86.4427,0.11
2024-07-31,USD/INR,86.1108,-0.38
2024-08-01,USD/INR,86.2742,0.19
2024-08-02,USD/INR,86.236,-0.04
2024-08-05,USD/INR,86.0784,-0.18
2024-08-06,USD/INR,86.0776,-0.0
2024-08-07,USD/INR,85.7853,-0.34
2024-08-08,USD/INR,85.705,-0.09
2024-08-09,USD/INR,85.6087,-0.11
2024-08-12,USD/INR,85.3651,-0.28
2024-08-13,USD/INR,85.3845,0.02
2024-08-14,USD/INR,85.2305,-0.18
2024-08-15,USD/INR,85.0245,-0.24
2024-08-16,USD/INR,84.8323,-0.23
2024-08-19,USD/INR,84.6611,-0.2
2024-08-20,USD/INR,84.7762,0.14
2024-08-21,USD/INR,84.8172,0.05
2024-08-22,USD/INR,84.9897,0.2
2024-08-23,USD/INR,85.1061,0.14
2024-08-26,USD/INR,85.271,0.19
2024-08-27,USD/INR,85.3533,0.1
2024-08-28,USD/INR,85.5538,0.23
2024-08-29,USD/INR,85.8018,0.29
2024-08-30,USD/INR,85.83,0.03
2024-09-02,USD/INR,85.7029,-0.15
2024-09-03,USD/INR,85.696,-0.01
2024-09-04,USD/INR,85.8799,0.21
2024-09-05,USD/INR,86.0328,0.18
2024-09-06,USD/INR,86.0834,0.06
2024-09-09,USD/INR,86.2222,0.16
2024-09-10,USD/INR,86.6744,0.52
2024-09-11,USD/INR,86.5368,-0.16
2024-09-12,USD/INR,86.4183,-0.14
2024-09-13,USD/INR,86.6826,0.31
2024-09-16,USD/INR,86.7594,0.09
2024-09-17,USD/INR,86.6877,-0.08
2024-09-18,USD/INR,86.6001,-0.1
2024-09-19,USD/INR,86.5457,-0.06
2024-09-20,USD/INR,86.2436,-0.35
2024-09-23,USD/INR,86.0633,-0.21
2024-09-24,USD/INR,86.0491,-0.02
2024-09-25,USD/INR,86.2767,0.26
2024-09-26,USD/INR,86.3332,0.07
2024-09-27,USD/INR,85.9592,-0.43
2024-09-30,USD/INR,85.7061,-0.29
2024-10-01,USD/INR,85.8885,0.21
2024-10-02,USD/INR,85.8301,-0.07
2024-10-03,USD/INR,86.0637,0.27
2024-10-04,USD/INR,86.0986,0.04
2024-10-07,USD/INR,86.3897,0.34
2024-10-08,USD/INR,86.3106,-0.09
2024-10-09,USD/INR,86.1941,-0.14
2024-10-10,USD/INR,86.3586,0.19
2024-10-11,USD/INR,86.6134,0.3
2024-10-14,USD/INR,86.4083,-0.24
2024-10-15,USD/INR,86.4836,0.09
2024-10-16,USD/INR,86.5192,0.04
2024-10-17,USD/INR,86.638,0.14
2024-10-18,USD/INR,86.5526,-0.1
2024-10-21,USD/INR,86.5366,-0.02
2024-10-22,USD/INR,86.6217,0.1
2024-10-23,USD/INR,86.8061,0.21
2024-10-24,USD/INR,86.6324,-0.2
2024-10-25,USD/INR,86.5701,-0.07
2024-10-28,USD/INR,86.5311,-0.05
2024-10-29,USD/INR,86.714,0.21
2024-10-30,USD/INR,86.7917,0.09
2024-10-31,USD/INR,87.066,0.32
2024-11-01,USD/INR,87.1703,0.12
2024-11-04,USD/INR,87.0232,-0.17
2024-11-05,USD/INR,87.0616,0.04
2024-11-06,USD/INR,86.9534,-0.12
2024-11-07,USD/INR,86.9904,0.04
2024-11-08,USD/INR,87.2316,0.28
2024-11-11,USD/INR,87.1493,-0.09
2024-11-12,USD/INR,87.0486,-0.12
2024-11-13,USD/INR,86.8539,-0.22
2024-11-14,USD/INR,87.0237,0.2
2024-11-15,USD/INR,87.008,-0.02
2024-11-18,USD/INR,87.2158,0.24
2024-11-19,USD/INR,87.1048,-0.13
2024-11-20,USD/INR,87.5595,0.52
2024-11-21,USD/INR,87.21,-0.4
2024-11-22,USD/INR,87.3061,0.11
2024-11-25,USD/INR,87.153,-0.18
2024-11-26,USD/INR,87.2099,0.07
2024-11-27,USD/INR,87.1841,-0.03
2024-11-28,USD/INR,87.1225,-0.07
2024-11-29,USD/INR,87.1083,-0.02
2024-12-02,USD/INR,87.1133,0.01
2024-12-03,USD/INR,87.1794,0.08
2024-12-04,USD/INR,87.2305,0.06
2024-12-05,USD/INR,87.088,-0.16
2024-12-06,USD/INR,87.3254,0.27
2024-12-09,USD/INR,87.4149,0.1
2024-12-10,USD/INR,87.3065,-0.12
2024-12-11,USD/INR,87.74,0.5
2024-12-12,USD/INR,87.9589,0.25
2024-12-13,USD/INR,87.9828,0.03
2024-12-16,USD/INR,87.7668,-0.25
2024-12-17,USD/INR,87.5979,-0.19
2024-12-18,USD/INR,87.5166,-0.09
2024-12-19,USD/INR,87.3615,-0.18
2024-12-20,USD/INR,87.4359,0.09
2024-12-23,USD/INR,87.6527,0.25
2024-12-24,USD/INR,87.5806,-0.08
2024-12-25,USD/INR,87.917,0.38
2024-12-26,USD/INR,88.024,0.12
2024-12-27,USD/INR,88.0231,-0.0
2024-12-30,USD/INR,87.8821,-0.16
2024-12-31,USD/INR,87.7409,-0.16
2025-01-01,USD/INR,87.9215,0.21
2025-01-02,USD/INR,87.459,-0.53
2025-01-03,USD/INR,87.4909,0.04
2025-01-06,USD/INR,87.6169,0.14
2025-01-07,USD/INR,87.5749,-0.05
2025-01-08,USD/INR,87.6807,0.12
2025-01-09,USD/INR,87.6755,-0.01
2025-01-10,USD/INR,87.95,0.31
2025-01-13,USD/INR,88.0108,0.07
2025-01-14,USD/INR,88.0642,0.06
2025-01-15,USD/INR,88.2111,0.17
2025-01-16,USD/INR,88.0599,-0.17
2025-01-17,USD/INR,87.9777,-0.09
2025-01-20,USD/INR,87.7794,-0.23
2025-01-21,USD/INR,87.8063,0.03
2025-01-22,USD/INR,87.655,-0.17
2025-01-23,USD/INR,87.8651,0.24
2025-01-24,USD/INR,88.1236,0.29
2025-01-27,USD/INR,88.1226,-0.0
2025-01-28,USD/INR,87.8029,-0.36
2025-01-29,USD/INR,88.2243,0.48
2025-01-30,USD/INR,88.0994,-0.14
2025-01-31,USD/INR,87.972,-0.14
2025-02-03,USD/INR,88.0073,0.04
2025-02-04,USD/INR,87.918,-0.1
2025-02-05,USD/INR,87.8423,-0.09
2025-02-06,USD/INR,87.79,-0.06
2025-02-07,USD/INR,87.6676,-0.14
2025-02-10,USD/INR,87.7864,0.14
2025-02-11,USD/INR,87.8333,0.05
2025-02-12,USD/INR,88.0492,0.25
2025-02-13,USD/INR,88.223,0.2
2025-02-14,USD/INR,88.0459,-0.2
2025-02-17,USD/INR,88.3793,0.38
2025-02-18,USD/INR,88.4778,0.11
2025-02-19,USD/INR,88.329,-0.17
2025-02-20,USD/INR,88.2207,-0.12
2025-02-21,USD/INR,87.961,-0.29
2025-02-24,USD/INR,87.6666,-0.33
2025-02-25,USD/INR,87.93,0.3
2025-02-26,USD/INR,87.6611,-0.31
2025-02-27,USD/INR,87.3228,-0.39
2025-02-28,USD/INR,87.0988,-0.26
2025-03-03,USD/INR,87.1421,0.05
2025-03-04,USD/INR,86.8783,-0.3
2025-03-05,USD/INR,86.8747,-0.0
2025-03-06,USD/INR,86.6581,-0.25
2025-03-07,USD/INR,86.9279,0.31
2025-03-10,USD/INR,87.367,0.51
2025-03-11,USD/INR,87.3284,-0.04
2025-03-12,USD/INR,87.3168,-0.01
2025-03-13,USD/INR,87.2486,-0.08
2025-03-14,USD/INR,87.3895,0.16
2025-03-17,USD/INR,87.3802,-0.01
2025-03-18,USD/INR,87.3881,0.01
2025-03-19,USD/INR,87.2126,-0.2
2025-03-20,USD/INR,87.1387,-0.08
2025-03-21,USD/INR,87.1565,0.02
2025-03-24,USD/INR,87.14,-0.02
2025-03-25,USD/INR,87.5106,0.43
2025-03-26,USD/INR,87.5191,0.01
2025-03-27,USD/INR,87.5105,-0.01
2025-03-28,USD/INR,87.4137,-0.11
2025-03-31,USD/INR,87.3966,-0.02
2025-04-01,USD/INR,87.5453,0.17
2025-04-02,USD/INR,87.5884,0.05
2025-04-03,USD/INR,87.4343,-0.18
2025-04-04,USD/INR,87.5828,0.17
2025-04-07,USD/INR,87.4234,-0.18
2025-04-08,USD/INR,87.2513,-0.2
2025-04-09,USD/INR,87.2802,0.03
2025-04-10,USD/INR,87.241,-0.04
2025-04-11,USD/INR,87.0847,-0.18
2025-04-14,USD/INR,87.5223,0.5
2025-04-15,USD/INR,87.4517,-0.08
2025-04-16,USD/INR,87.471,0.02
2025-04-17,USD/INR,87.6245,0.18
2025-04-18,USD/INR,87.655,0.03
2025-04-21,USD/INR,87.5968,-0.07
2025-04-22,USD/INR,87.7923,0.22
2025-04-23,USD/INR,87.9586,0.19
2025-04-24,USD/INR,87.6893,-0.31
2025-04-25,USD/INR,88.0179,0.37
2025-04-28,USD/INR,88.2403,0.25
2025-04-29,USD/INR,88.37,0.15
2025-04-30,USD/INR,88.3401,-0.03
2025-05-01,USD/INR,88.1503,-0.21
2025-05-02,USD/INR,88.0134,-0.16
2025-05-05,USD/INR,88.0785,0.07
2025-05-06,USD/INR,88.0855,0.01
2025-05-07,USD/INR,88.1074,0.02
2025-05-08,USD/INR,88.0687,-0.04
2025-05-09,USD/INR,88.418,0.4
2025-05-12,USD/INR,88.7798,0.41
2025-05-13,USD/INR,88.7488,-0.03
2025-05-14,USD/INR,88.572,-0.2
2025-05-15,USD/INR,88.5787,0.01
2025-05-16,USD/INR,88.6074,0.03
2025-05-19,USD/INR,88.6119,0.01
2025-05-20,USD/INR,88.8532,0.27
2025-05-21,USD/INR,88.8539,0.0
2025-05-22,USD/INR,88.8067,-0.05
2025-05-23,USD/INR,88.7002,-0.12
2025-05-26,USD/INR,88.637,-0.07
2025-05-27,USD/INR,88.705,0.08
2025-05-28,USD/INR,88.7074,0.0
2025-05-29,USD/INR,88.75,0.05
2025-05-30,USD/INR,88.7452,-0.01
2025-06-02,USD/INR,88.9043,0.18
2025-06-03,USD/INR,89.16,0.29
2025-06-04,USD/INR,89.1921,0.04
2025-06-05,USD/INR,89.3738,0.2
2025-06-06,USD/INR,89.7095,0.38
2025-06-09,USD/INR,89.5573,-0.17
2025-06-10,USD/INR,89.5859,0.03
2025-06-11,USD/INR,89.2699,-0.35
2025-06-12,USD/INR,89.2317,-0.04
2025-06-13,USD/INR,89.1341,-0.11
2025-06-16,USD/INR,88.902,-0.26
2025-06-17,USD/INR,88.8896,-0.01
2025-06-18,USD/INR,89.0095,0.13
2025-06-19,USD/INR,89.155,0.16
2025-06-20,USD/INR,89.4292,0.31
2025-06-23,USD/INR,89.5467,0.13
2025-06-24,USD/INR,89.7647,0.24
2025-06-25,USD/INR,89.6398,-0.14
2025-06-26,USD/INR,89.5016,-0.15
2025-06-27,USD/INR,89.311,-0.21
2025-06-30,USD/INR,89.2301,-0.09
2025-07-01,USD/INR,88.8484,-0.43
2025-07-02,USD/INR,88.8745,0.03
2025-07-03,USD/INR,89.0095,0.15
2025-07-04,USD/INR,88.8978,-0.13
2025-07-07,USD/INR,89.0047,0.12
2025-07-08,USD/INR,89.0399,0.04
2025-07-09,USD/INR,89.1855,0.16
2025-07-10,USD/INR,89.607,0.47
2025-07-11,USD/INR,89.5777,-0.03
2025-07-14,USD/INR,89.6669,0.1
2025-07-15,USD/INR,89.9053,0.27
2025-07-16,USD/INR,90.2827,0.42
2025-07-17,USD/INR,90.2217,-0.07
2025-07-18,USD/INR,89.8472,-0.42
2025-07-21,USD/INR,89.669,-0.2
2025-07-22,USD/INR,89.5708,-0.11
2025-07-23,USD/INR,89.6455,0.08
2025-07-24,USD/INR,89.7821,0.15
2025-07-25,USD/INR,90.1596,0.42
2025-07-28,USD/INR,89.9248,-0.26
2025-07-29,USD/INR,89.8615,-0.07
2025-07-30,USD/INR,89.9452,0.09
2025-07-31,USD/INR,89.8309,-0.13
2025-08-01,USD/INR,89.5982,-0.26
2025-08-04,USD/INR,89.4437,-0.17
2025-08-05,USD/INR,89.3901,-0.06
2025-08-06,USD/INR,89.3423,-0.05
2025-08-07,USD/INR,89.4164,0.08
2025-08-08,USD/INR,89.217,-0.22
2025-08-11,USD/INR,89.1414,-0.08
2025-08-12,USD/INR,88.982,-0.18
2025-08-13,USD/INR,88.9071,-0.08
2025-08-14,USD/INR,89.1037,0.22
2025-08-15,USD/INR,89.2545,0.17
2025-08-18,USD/INR,89.2009,-0.06
2025-08-19,USD/INR,89.0199,-0.2
2025-08-20,USD/INR,89.0452,0.03
2025-08-21,USD/INR,89.0721,0.03
2025-08-22,USD/INR,89.2009,0.14
2025-08-25,USD/INR,88.9625,-0.27
2025-08-26,USD/INR,89.2748,0.35
2025-08-27,USD/INR,89.2315,-0.05
2025-08-28,USD/INR,89.3367,0.12
2025-08-29,USD/INR,89.143,-0.22
2025-09-01,USD/INR,89.0217,-0.14
2025-09-02,USD/INR,89.3748,0.4
2025-09-03,USD/INR,89.635,0.29
2025-09-04,USD/INR,90.1111,0.53
2025-09-05,USD/INR,90.2566,0.16
2025-09-08,USD/INR,90.2317,-0.03
2025-09-09,USD/INR,90.2709,0.04
2025-09-10,USD/INR,90.4626,0.21
2025-09-11,USD/INR,90.3467,-0.13
2025-09-12,USD/INR,90.6529,0.34
2025-09-15,USD/INR,90.7018,0.05
2025-09-16,USD/INR,90.8344,0.15
2025-09-17,USD/INR,90.8234,-0.01
2025-09-18,USD/INR,90.546,-0.31
2025-09-19,USD/INR,90.7708,0.25
2025-09-22,USD/INR,90.6005,-0.19
2025-09-23,USD/INR,90.7211,0.13
2025-09-24,USD/INR,90.7599,0.04
2025-09-25,USD/INR,90.8688,0.12
2025-09-26,USD/INR,90.769,-0.11
2025-09-29,USD/INR,90.9761,0.23
2025-09-30,USD/INR,90.6484,-0.36
2025-10-01,USD/INR,91.1345,0.54
2025-10-02,USD/INR,90.9479,-0.2
2025-10-03,USD/INR,90.9542,0.01
2025-10-06,USD/INR,90.9968,0.05
2025-10-07,USD/INR,90.7354,-0.29
2025-10-08,USD/INR,91.2338,0.55
2025-10-09,USD/INR,91.1779,-0.06
2025-10-10,USD/INR,91.1085,-0.08
2025-10-13,USD/INR,91.0427,-0.07
2025-10-14,USD/INR,91.0208,-0.02
2025-10-15,USD/INR,91.0278,0.01
2025-10-16,USD/INR,90.7957,-0.26
2025-10-17,USD/INR,90.6756,-0.13
2025-10-20,USD/INR,90.5006,-0.19
2025-10-21,USD/INR,90.5854,0.09
2025-10-22,USD/INR,90.339,-0.27
2025-10-23,USD/INR,90.0318,-0.34
2025-10-24,USD/INR,90.02,-0.01
2025-10-27,USD/INR,90.12,0.11
2025-10-28,USD/INR,89.741,-0.42
2025-10-29,USD/INR,89.6292,-0.12
2025-10-30,USD/INR,89.4465,-0.2
2025-10-31,USD/INR,89.6483,0.23
2025-11-03,USD/INR,89.6142,-0.04
2025-11-04,USD/INR,89.4637,-0.17
2025-11-05,USD/INR,89.661,0.22
2025-11-06,USD/INR,89.5829,-0.09
2025-11-07,USD/INR,89.6328,0.06
2025-11-10,USD/INR,89.8125,0.2
2025-11-11,USD/INR,89.5871,-0.25
2025-11-12,USD/INR,89.6209,0.04
2025-11-13,USD/INR,89.5568,-0.07
2025-11-14,USD/INR,90.0853,0.59
2025-11-17,USD/INR,89.7325,-0.39
2025-11-18,USD/INR,89.8489,0.13
2025-11-19,USD/INR,90.0497,0.22
2025-11-20,USD/INR,90.1646,0.13
2025-11-21,USD/INR,90.0236,-0.16
2025-11-24,USD/INR,89.7232,-0.33
2025-11-25,USD/INR,89.5813,-0.16
2025-11-26,USD/INR,89.1312,-0.5
2025-11-27,USD/INR,89.2299,0.11
2025-11-28,USD/INR,89.1701,-0.07
2025-12-01,USD/INR,88.9322,-0.27
2025-12-02,USD/INR,89.0812,0.17
2025-12-03,USD/INR,89.0771,-0.0
2025-12-04,USD/INR,89.0289,-0.05
2025-12-05,USD/INR,89.1675,0.16
2025-12-08,USD/INR,89.2334,0.07
2025-12-09,USD/INR,89.278,0.05
2025-12-10,USD/INR,89.2598,-0.02
2025-12-11,USD/INR,89.2683,0.01
2025-12-12,USD/INR,89.3007,0.04
2025-12-15,USD/INR,89.2536,-0.05
2025-12-16,USD/INR,89.2651,0.01
2025-12-17,USD/INR,88.9475,-0.36
2025-12-18,USD/INR,88.588,-0.4
2025-12-19,USD/INR,88.7269,0.16
2025-12-22,USD/INR,88.4591,-0.3
2025-12-23,USD/INR,88.7185,0.29
2025-12-24,USD/INR,88.9225,0.23
2025-12-25,USD/INR,89.0862,0.18
2025-12-26,USD/INR,89.1781,0.1
2025-12-29,USD/INR,89.162,-0.02
2025-12-30,USD/INR,89.5158,0.4
2025-12-31,USD/INR,89.7347,0.24
2026-01-01,USD/INR,89.833,0.11
2026-01-02,USD/INR,89.9486,0.13
2026-01-05,USD/INR,90.3562,0.45
2026-01-06,USD/INR,90.2874,-0.08
2026-01-07,USD/INR,90.0557,-0.26
2026-01-08,USD/INR,90.1061,0.06
2026-01-09,USD/INR,90.0087,-0.11
2026-01-12,USD/INR,90.2486,0.27
2026-01-13,USD/INR,90.4004,0.17
2026-01-14,USD/INR,90.131,-0.3
2026-01-15,USD/INR,90.245,0.13
2026-01-16,USD/INR,90.376,0.15
2026-01-19,USD/INR,90.228,-0.16
2026-01-20,USD/INR,89.9514,-0.31
2026-01-21,USD/INR,89.872,-0.09
2026-01-22,USD/INR,89.8817,0.01
2026-01-23,USD/INR,89.5225,-0.4
2026-01-26,USD/INR,89.1987,-0.36
2026-01-27,USD/INR,89.2615,0.07
2026-01-28,USD/INR,89.2044,-0.06
2026-01-29,USD/INR,89.411,0.23
2026-01-30,USD/INR,89.5205,0.12
2026-02-02,USD/INR,89.5303,0.01
2026-02-03,USD/INR,89.3789,-0.17
2026-02-04,USD/INR,89.1148,-0.3
2026-02-05,USD/INR,88.8239,-0.33
2026-02-06,USD/INR,88.5724,-0.28
2026-02-09,USD/INR,88.6216,0.06
2026-02-10,USD/INR,88.803,0.2
2026-02-11,USD/INR,88.8113,0.01
2026-02-12,USD/INR,89.1353,0.36
2026-02-13,USD/INR,89.055,-0.09
2026-02-16,USD/INR,89.0589,0.0
2026-02-17,USD/INR,88.7696,-0.32
2026-02-18,USD/INR,88.6417,-0.14
2026-02-19,USD/INR,88.7697,0.14
2026-02-20,USD/INR,89.0788,0.35
2026-02-23,USD/INR,89.0582,-0.02
2026-02-24,USD/INR,89.2277,0.19
2026-02-25,USD/INR,89.1167,-0.12
2026-02-26,USD/INR,89.2915,0.2
2026-02-27,USD/INR,89.3165,0.03
2026-03-02,USD/INR,89.1275,-0.21
2026-03-03,USD/INR,89.0124,-0.13
2026-03-04,USD/INR,89.4095,0.45
2026-03-05,USD/INR,89.4856,0.09
2026-03-06,USD/INR,89.636,0.17
2026-03-09,USD/INR,89.5156,-0.13
2026-03-10,USD/INR,89.6373,0.14
2026-03-11,USD/INR,89.6555,0.02
2026-03-12,USD/INR,89.8732,0.24
2026-03-13,USD/INR,90.0576,0.21
2026-03-16,USD/INR,89.8997,-0.18
2026-03-17,USD/INR,90.063,0.18
2026-03-18,USD/INR,90.0379,-0.03
2026-03-19,USD/INR,90.0368,-0.0
2026-03-20,USD/INR,90.2809,0.27
2026-03-23,USD/INR,90.1784,-0.11
2026-03-24,USD/INR,89.869,-0.34
2026-03-25,USD/INR,89.7627,-0.12
2026-03-26,USD/INR,89.6954,-0.08
2026-03-27,USD/INR,89.6731,-0.02
2026-03-30,USD/INR,89.8384,0.18
2026-03-31,USD/INR,89.9432,0.12
2026-04-01,USD/INR,89.9547,0.01
2026-04-02,USD/INR,90.1486,0.22
2026-04-03,USD/INR,90.2058,0.06
2026-04-06,USD/INR,89.9247,-0.31
2026-04-07,USD/INR,89.8491,-0.08
2026-04-08,USD/INR,89.8507,0.0
2026-04-09,USD/INR,89.9054,0.06
2026-04-10,USD/INR,90.294,0.43
2026-04-13,USD/INR,90.2004,-0.1
2026-04-14,USD/INR,90.2928,0.1
2026-04-15,USD/INR,90.0769,-0.24
2026-04-16,USD/INR,90.0255,-0.06
2026-04-17,USD/INR,89.5787,-0.5
2026-04-20,USD/INR,89.8013,0.25
2026-04-21,USD/INR,89.7517,-0.06
2026-04-22,USD/INR,89.8981,0.16
2026-04-23,USD/INR,90.1355,0.26
2026-04-24,USD/INR,90.0301,-0.12
2026-04-27,USD/INR,89.9118,-0.13
2026-04-28,USD/INR,89.8981,-0.02
2026-04-29,USD/INR,90.161,0.29
2026-04-30,USD/INR,90.1905,0.03
2026-05-01,USD/INR,90.1945,0.0
2026-05-04,USD/INR,90.0877,-0.12
2026-05-05,USD/INR,90.5323,0.49
2026-05-06,USD/INR,90.3349,-0.22
2026-05-07,USD/INR,90.0248,-0.34
2026-05-08,USD/INR,89.73,-0.33
2026-05-11,USD/INR,89.6988,-0.03
2026-05-12,USD/INR,89.7666,0.08
2026-05-13,USD/INR,90.2192,0.5
2026-05-14,USD/INR,90.5383,0.35
2026-05-15,USD/INR,90.5177,-0.02
2026-05-18,USD/INR,90.5453,0.03
2026-05-19,USD/INR,90.6602,0.13
2026-05-20,USD/INR,90.8716,0.23
2026-05-21,USD/INR,90.9527,0.09
2026-05-22,USD/INR,91.0041,0.06
2026-05-25,USD/INR,91.2199,0.24
2026-05-26,USD/INR,91.2063,-0.01
2026-05-27,USD/INR,91.2141,0.01
2026-05-28,USD/INR,91.1858,-0.03
2026-05-29,USD/INR,91.1268,-0.06
2026-06-01,USD/INR,91.1753,0.05
2026-06-02,USD/INR,91.033,-0.16
2026-06-03,USD/INR,91.1297,0.11
2026-06-04,USD/INR,91.2146,0.09
2026-06-05,USD/INR,91.1415,-0.08
2026-06-08,USD/INR,91.1071,-0.04
2026-06-09,USD/INR,91.2898,0.2
2026-06-10,USD/INR,91.6319,0.37
2026-06-11,USD/INR,91.9066,0.3
2026-06-12,USD/INR,91.9699,0.07
2026-06-15,USD/INR,91.8653,-0.11
2026-06-16,USD/INR,91.8717,0.01
2026-06-17,USD/INR,91.548,-0.35
2026-06-18,USD/INR,91.4166,-0.14
2026-06-19,USD/INR,91.5149,0.11
2026-06-22,USD/INR,91.4901,-0.03
2026-06-23,USD/INR,91.2724,-0.24
2026-06-24,USD/INR,91.2275,-0.05
2026-06-25,USD/INR,91.3843,0.17
2026-06-26,USD/INR,91.1756,-0.23
2026-06-29,USD/INR,91.2376,0.07
2026-06-30,USD/INR,91.2267,-0.01
2026-07-01,USD/INR,91.3089,0.09
2026-07-02,USD/INR,91.7134,0.44
2026-07-03,USD/INR,91.8017,0.1
2026-07-06,USD/INR,91.7219,-0.09
2026-07-07,USD/INR,91.5692,-0.17
2026-07-08,USD/INR,91.311,-0.28
2026-07-09,USD/INR,91.1426,-0.18
2026-07-10,USD/INR,91.2938,0.17
2026-07-13,USD/INR,91.0931,-0.22
2026-07-14,USD/INR,91.0257,-0.07
2026-07-15,USD/INR,90.8088,-0.24
2026-07-16,USD/INR,90.7319,-0.08
2026-07-17,USD/INR,90.6384,-0.1
2026-07-20,USD/INR,90.6193,-0.02
2026-07-21,USD/INR,90.7154,0.11
2026-07-22,USD/INR,90.949,0.26
2026-07-23,USD/INR,90.6857,-0.29
2026-07-24,USD/INR,90.6556,-0.03
2026-07-27,USD/INR,90.6296,-0.03
2026-07-28,USD/INR,90.4392,-0.21
2026-07-29,USD/INR,90.371,-0.08
2026-07-30,USD/INR,90.466,0.11
2026-07-31,USD/INR,90.4144,-0.06
2026-08-03,USD/INR,90.5193,0.12
2026-08-04,USD/INR,90.5284,0.01
2026-08-05,USD/INR,90.6455,0.13
2026-08-06,USD/INR,91.0912,0.49
2026-08-07,USD/INR,91.2989,0.23
2026-08-10,USD/INR,91.3011,0.0
2026-08-11,USD/INR,91.0034,-0.33
2026-08-12,USD/INR,90.9397,-0.07
2026-08-13,USD/INR,91.1157,0.19
2026-08-14,USD/INR,91.459,0.38
2026-08-17,USD/INR,91.4287,-0.03
2026-08-18,USD/INR,91.4101,-0.02
2026-08-19,USD/INR,91.3863,-0.03
2026-08-20,USD/INR,91.2251,-0.18
2026-08-21,USD/INR,90.8677,-0.39
2026-08-24,USD/INR,90.652,-0.24
2026-08-25,USD/INR,90.7453,0.1
2026-08-26,USD/INR,90.8262,0.09
2026-08-27,USD/INR,90.4861,-0.37
2026-08-28,USD/INR,90.3723,-0.13
2026-08-31,USD/INR,90.4211,0.05
2026-09-01,USD/INR,90.41,-0.01
2026-09-02,USD/INR,90.6248,0.24
2026-09-03,USD/INR,90.7529,0.14
2026-09-04,USD/INR,90.9492,0.22
2026-09-07,USD/INR,90.6944,-0.28
2026-09-08,USD/INR,90.267,-0.47
2024-01-01,USD/SGD,1.3407,0.05
2024-01-02,USD/SGD,1.3389,-0.14
2024-01-03,USD/SGD,1.3415,0.2
2024-01-04,USD/SGD,1.3383,-0.24
2024-01-05,USD/SGD,1.3365,-0.14
2024-01-08,USD/SGD,1.3346,-0.14
2024-01-09,USD/SGD,1.3339,-0.05
2024-01-10,USD/SGD,1.3321,-0.14
2024-01-11,USD/SGD,1.332,-0.0
2024-01-12,USD/SGD,1.3314,-0.04
2024-01-15,USD/SGD,1.3297,-0.13
2024-01-16,USD/SGD,1.3307,0.08
2024-01-17,USD/SGD,1.3298,-0.07
2024-01-18,USD/SGD,1.3325,0.2
2024-01-19,USD/SGD,1.3312,-0.1
2024-01-22,USD/SGD,1.334,0.21
2024-01-23,USD/SGD,1.3306,-0.25
2024-01-24,USD/SGD,1.3316,0.07
2024-01-25,USD/SGD,1.3316,0.01
2024-01-26,USD/SGD,1.333,0.1
2024-01-29,USD/SGD,1.3336,0.05
2024-01-30,USD/SGD,1.3326,-0.07
2024-01-31,USD/SGD,1.3314,-0.1
2024-02-01,USD/SGD,1.3316,0.02
2024-02-02,USD/SGD,1.3311,-0.04
2024-02-05,USD/SGD,1.3334,0.17
2024-02-06,USD/SGD,1.3326,-0.06
2024-02-07,USD/SGD,1.3314,-0.09
2024-02-08,USD/SGD,1.3359,0.34
2024-02-09,USD/SGD,1.3377,0.13
2024-02-12,USD/SGD,1.3423,0.34
2024-02-13,USD/SGD,1.3433,0.08
2024-02-14,USD/SGD,1.3424,-0.07
2024-02-15,USD/SGD,1.3386,-0.28
2024-02-16,USD/SGD,1.3412,0.19
2024-02-19,USD/SGD,1.341,-0.02
2024-02-20,USD/SGD,1.3418,0.06
2024-02-21,USD/SGD,1.3408,-0.08
2024-02-22,USD/SGD,1.3402,-0.05
2024-02-23,USD/SGD,1.339,-0.09
2024-02-26,USD/SGD,1.3388,-0.02
2024-02-27,USD/SGD,1.3409,0.16
2024-02-28,USD/SGD,1.343,0.15
2024-02-29,USD/SGD,1.3419,-0.09
2024-03-01,USD/SGD,1.3432,0.1
2024-03-04,USD/SGD,1.3431,-0.0
2024-03-05,USD/SGD,1.3441,0.07
2024-03-06,USD/SGD,1.3402,-0.29
2024-03-07,USD/SGD,1.3394,-0.06
2024-03-08,USD/SGD,1.3405,0.08
2024-03-11,USD/SGD,1.3405,-0.0
2024-03-12,USD/SGD,1.3427,0.17
2024-03-13,USD/SGD,1.3462,0.26
2024-03-14,USD/SGD,1.3477,0.11
2024-03-15,USD/SGD,1.3492,0.11
2024-03-18,USD/SGD,1.3496,0.03
2024-03-19,USD/SGD,1.3479,-0.13
2024-03-20,USD/SGD,1.3477,-0.01
2024-03-21,USD/SGD,1.3491,0.1
2024-03-22,USD/SGD,1.3475,-0.12
2024-03-25,USD/SGD,1.3489,0.11
2024-03-26,USD/SGD,1.348,-0.07
2024-03-27,USD/SGD,1.3476,-0.03
2024-03-28,USD/SGD,1.3463,-0.1
2024-03-29,USD/SGD,1.3421,-0.31
2024-04-01,USD/SGD,1.3412,-0.07
2024-04-02,USD/SGD,1.3427,0.11
2024-04-03,USD/SGD,1.3409,-0.13
2024-04-04,USD/SGD,1.3383,-0.2
2024-04-05,USD/SGD,1.3375,-0.06
2024-04-08,USD/SGD,1.3376,0.01
2024-04-09,USD/SGD,1.3372,-0.03
2024-04-10,USD/SGD,1.3368,-0.03
2024-04-11,USD/SGD,1.3331,-0.28
2024-04-12,USD/SGD,1.3323,-0.06
2024-04-15,USD/SGD,1.3325,0.02
2024-04-16,USD/SGD,1.3318,-0.06
2024-04-17,USD/SGD,1.3324,0.05
2024-04-18,USD/SGD,1.3312,-0.09
2024-04-19,USD/SGD,1.3335,0.17
2024-04-22,USD/SGD,1.3325,-0.07
2024-04-23,USD/SGD,1.3282,-0.32
2024-04-24,USD/SGD,1.3338,0.42
2024-04-25,USD/SGD,1.3311,-0.2
2024-04-26,USD/SGD,1.3308,-0.02
2024-04-29,USD/SGD,1.3323,0.11
2024-04-30,USD/SGD,1.3354,0.24
2024-05-01,USD/SGD,1.3315,-0.29
2024-05-02,USD/SGD,1.3296,-0.14
2024-05-03,USD/SGD,1.3334,0.29
2024-05-06,USD/SGD,1.3354,0.15
2024-05-07,USD/SGD,1.3363,0.06
2024-05-08,USD/SGD,1.3353,-0.07
2024-05-09,USD/SGD,1.3343,-0.07
2024-05-10,USD/SGD,1.3341,-0.01
2024-05-13,USD/SGD,1.333,-0.08
2024-05-14,USD/SGD,1.3312,-0.14
2024-05-15,USD/SGD,1.3307,-0.03
2024-05-16,USD/SGD,1.3293,-0.11
2024-05-17,USD/SGD,1.3277,-0.12
2024-05-20,USD/SGD,1.3273,-0.04
2024-05-21,USD/SGD,1.3294,0.16
2024-05-22,USD/SGD,1.3296,0.02
2024-05-23,USD/SGD,1.3328,0.24
2024-05-24,USD/SGD,1.3313,-0.11
2024-05-27,USD/SGD,1.331,-0.02
2024-05-28,USD/SGD,1.3284,-0.2
2024-05-29,USD/SGD,1.3299,0.11
2024-05-30,USD/SGD,1.3302,0.03
2024-05-31,USD/SGD,1.3284,-0.14
2024-06-03,USD/SGD,1.3291,0.06
2024-06-04,USD/SGD,1.3304,0.1
2024-06-05,USD/SGD,1.3289,-0.12
2024-06-06,USD/SGD,1.3261,-0.2
2024-06-07,USD/SGD,1.3272,0.08
2024-06-10,USD/SGD,1.3266,-0.05
2024-06-11,USD/SGD,1.3253,-0.1
2024-06-12,USD/SGD,1.3267,0.11
2024-06-13,USD/SGD,1.3295,0.21
2024-06-14,USD/SGD,1.3291,-0.03
2024-06-17,USD/SGD,1.3313,0.17
2024-06-18,USD/SGD,1.331,-0.02
2024-06-19,USD/SGD,1.3343,0.25
2024-06-20,USD/SGD,1.3365,0.17
2024-06-21,USD/SGD,1.3393,0.2
2024-06-24,USD/SGD,1.337,-0.17
2024-06-25,USD/SGD,1.3369,-0.01
2024-06-26,USD/SGD,1.3382,0.1
2024-06-27,USD/SGD,1.3367,-0.11
2024-06-28,USD/SGD,1.3414,0.35
2024-07-01,USD/SGD,1.3441,0.2
2024-07-02,USD/SGD,1.3438,-0.02
2024-07-03,USD/SGD,1.3431,-0.05
2024-07-04,USD/SGD,1.3429,-0.01
2024-07-05,USD/SGD,1.3434,0.04
2024-07-08,USD/SGD,1.3449,0.11
2024-07-09,USD/SGD,1.3492,0.32
2024-07-10,USD/SGD,1.3507,0.11
2024-07-11,USD/SGD,1.3545,0.28
2024-07-12,USD/SGD,1.3589,0.33
2024-07-15,USD/SGD,1.3599,0.07
2024-07-16,USD/SGD,1.3599,0.0
2024-07-17,USD/SGD,1.358,-0.14
2024-07-18,USD/SGD,1.3581,0.0
2024-07-19,USD/SGD,1.3572,-0.06
2024-07-22,USD/SGD,1.3564,-0.06
2024-07-23,USD/SGD,1.3561,-0.02
2024-07-24,USD/SGD,1.3554,-0.05
2024-07-25,USD/SGD,1.3543,-0.08
2024-07-26,USD/SGD,1.3548,0.03
2024-07-29,USD/SGD,1.3562,0.11
2024-07-30,USD/SGD,1.3584,0.16
2024-07-31,USD/SGD,1.3597,0.1
2024-08-01,USD/SGD,1.364,0.32
2024-08-02,USD/SGD,1.3652,0.09
2024-08-05,USD/SGD,1.3674,0.16
2024-08-06,USD/SGD,1.3663,-0.08
2024-08-07,USD/SGD,1.3641,-0.16
2024-08-08,USD/SGD,1.3635,-0.04
2024-08-09,USD/SGD,1.3659,0.17
2024-08-12,USD/SGD,1.3664,0.04
2024-08-13,USD/SGD,1.3666,0.01
2024-08-14,USD/SGD,1.3696,0.22
2024-08-15,USD/SGD,1.3698,0.02
2024-08-16,USD/SGD,1.3703,0.03
2024-08-19,USD/SGD,1.3722,0.14
2024-08-20,USD/SGD,1.372,-0.02
2024-08-21,USD/SGD,1.3658,-0.45
2024-08-22,USD/SGD,1.3665,0.05
2024-08-23,USD/SGD,1.3642,-0.17
2024-08-26,USD/SGD,1.3646,0.03
2024-08-27,USD/SGD,1.3649,0.02
2024-08-28,USD/SGD,1.3677,0.21
2024-08-29,USD/SGD,1.371,0.24
2024-08-30,USD/SGD,1.3717,0.06
2024-09-02,USD/SGD,1.3729,0.08
2024-09-03,USD/SGD,1.3735,0.04
2024-09-04,USD/SGD,1.3768,0.24
2024-09-05,USD/SGD,1.3774,0.04
2024-09-06,USD/SGD,1.3776,0.02
2024-09-09,USD/SGD,1.378,0.03
2024-09-10,USD/SGD,1.3798,0.13
2024-09-11,USD/SGD,1.3803,0.03
2024-09-12,USD/SGD,1.3789,-0.1
2024-09-13,USD/SGD,1.3782,-0.05
2024-09-16,USD/SGD,1.3818,0.26
2024-09-17,USD/SGD,1.3862,0.32
2024-09-18,USD/SGD,1.3832,-0.22
2024-09-19,USD/SGD,1.3818,-0.1
2024-09-20,USD/SGD,1.3815,-0.02
2024-09-23,USD/SGD,1.3809,-0.04
2024-09-24,USD/SGD,1.3798,-0.08
2024-09-25,USD/SGD,1.3795,-0.02
2024-09-26,USD/SGD,1.3801,0.04
2024-09-27,USD/SGD,1.382,0.14
2024-09-30,USD/SGD,1.3787,-0.24
2024-10-01,USD/SGD,1.3776,-0.08
2024-10-02,USD/SGD,1.3752,-0.17
2024-10-03,USD/SGD,1.3772,0.14
2024-10-04,USD/SGD,1.3807,0.25
2024-10-07,USD/SGD,1.3836,0.21
2024-10-08,USD/SGD,1.3829,-0.05
2024-10-09,USD/SGD,1.382,-0.06
2024-10-10,USD/SGD,1.3846,0.19
2024-10-11,USD/SGD,1.3867,0.15
2024-10-14,USD/SGD,1.3877,0.07
2024-10-15,USD/SGD,1.389,0.1
2024-10-16,USD/SGD,1.3907,0.12
2024-10-17,USD/SGD,1.3924,0.12
2024-10-18,USD/SGD,1.392,-0.02
2024-10-21,USD/SGD,1.3935,0.1
2024-10-22,USD/SGD,1.3936,0.01
2024-10-23,USD/SGD,1.3934,-0.01
2024-10-24,USD/SGD,1.3949,0.11
2024-10-25,USD/SGD,1.3973,0.17
2024-10-28,USD/SGD,1.3963,-0.07
2024-10-29,USD/SGD,1.4003,0.28
2024-10-30,USD/SGD,1.3993,-0.07
2024-10-31,USD/SGD,1.4016,0.16
2024-11-01,USD/SGD,1.4039,0.17
2024-11-04,USD/SGD,1.401,-0.21
2024-11-05,USD/SGD,1.4009,-0.01
2024-11-06,USD/SGD,1.4005,-0.02
2024-11-07,USD/SGD,1.4006,0.0
2024-11-08,USD/SGD,1.4009,0.03
2024-11-11,USD/SGD,1.4009,0.0
2024-11-12,USD/SGD,1.4009,-0.0
2024-11-13,USD/SGD,1.4004,-0.03
2024-11-14,USD/SGD,1.4006,0.01
2024-11-15,USD/SGD,1.4,-0.04
2024-11-18,USD/SGD,1.4005,0.04
2024-11-19,USD/SGD,1.4032,0.19
2024-11-20,USD/SGD,1.4001,-0.22
2024-11-21,USD/SGD,1.3984,-0.12
2024-11-22,USD/SGD,1.3977,-0.05
2024-11-25,USD/SGD,1.3934,-0.31
2024-11-26,USD/SGD,1.3964,0.21
2024-11-27,USD/SGD,1.3969,0.04
2024-11-28,USD/SGD,1.3985,0.12
2024-11-29,USD/SGD,1.3992,0.05
2024-12-02,USD/SGD,1.4,0.06
2024-12-03,USD/SGD,1.3983,-0.12
2024-12-04,USD/SGD,1.3991,0.06
2024-12-05,USD/SGD,1.3972,-0.14
2024-12-06,USD/SGD,1.3963,-0.07
2024-12-09,USD/SGD,1.3922,-0.29
2024-12-10,USD/SGD,1.3956,0.24
2024-12-11,USD/SGD,1.3965,0.07
2024-12-12,USD/SGD,1.3969,0.03
2024-12-13,USD/SGD,1.3967,-0.02
2024-12-16,USD/SGD,1.3969,0.02
2024-12-17,USD/SGD,1.3986,0.12
2024-12-18,USD/SGD,1.3968,-0.13
2024-12-19,USD/SGD,1.3975,0.05
2024-12-20,USD/SGD,1.3983,0.05
2024-12-23,USD/SGD,1.3982,-0.01
2024-12-24,USD/SGD,1.3985,0.02
2024-12-25,USD/SGD,1.4015,0.22
2024-12-26,USD/SGD,1.3993,-0.16
2024-12-27,USD/SGD,1.4009,0.11
2024-12-30,USD/SGD,1.4003,-0.04
2024-12-31,USD/SGD,1.4024,0.15
2025-01-01,USD/SGD,1.4017,-0.05
2025-01-02,USD/SGD,1.401,-0.04
2025-01-03,USD/SGD,1.4001,-0.07
2025-01-06,USD/SGD,1.4039,0.28
2025-01-07,USD/SGD,1.4069,0.21
2025-01-08,USD/SGD,1.4039,-0.21
2025-01-09,USD/SGD,1.4023,-0.11
2025-01-10,USD/SGD,1.4016,-0.05
2025-01-13,USD/SGD,1.3982,-0.24
2025-01-14,USD/SGD,1.398,-0.02
2025-01-15,USD/SGD,1.3977,-0.02
2025-01-16,USD/SGD,1.398,0.02
2025-01-17,USD/SGD,1.3988,0.06
2025-01-20,USD/SGD,1.3972,-0.11
2025-01-21,USD/SGD,1.397,-0.02
2025-01-22,USD/SGD,1.4022,0.37
2025-01-23,USD/SGD,1.3981,-0.29
2025-01-24,USD/SGD,1.3991,0.07
2025-01-27,USD/SGD,1.3969,-0.15
2025-01-28,USD/SGD,1.394,-0.21
2025-01-29,USD/SGD,1.3934,-0.04
2025-01-30,USD/SGD,1.3915,-0.14
2025-01-31,USD/SGD,1.3899,-0.11
2025-02-03,USD/SGD,1.3882,-0.13
2025-02-04,USD/SGD,1.3905,0.17
2025-02-05,USD/SGD,1.3903,-0.02
2025-02-06,USD/SGD,1.3919,0.12
2025-02-07,USD/SGD,1.3916,-0.03
2025-02-10,USD/SGD,1.3897,-0.14
2025-02-11,USD/SGD,1.3879,-0.13
2025-02-12,USD/SGD,1.3888,0.07
2025-02-13,USD/SGD,1.3873,-0.11
2025-02-14,USD/SGD,1.3868,-0.04
2025-02-17,USD/SGD,1.3873,0.04
2025-02-18,USD/SGD,1.3873,-0.0
2025-02-19,USD/SGD,1.3864,-0.06
2025-02-20,USD/SGD,1.3869,0.04
2025-02-21,USD/SGD,1.3813,-0.41
2025-02-24,USD/SGD,1.3782,-0.22
2025-02-25,USD/SGD,1.381,0.2
2025-02-26,USD/SGD,1.3777,-0.24
2025-02-27,USD/SGD,1.3797,0.14
2025-02-28,USD/SGD,1.3808,0.08
2025-03-03,USD/SGD,1.3799,-0.06
2025-03-04,USD/SGD,1.3783,-0.12
2025-03-05,USD/SGD,1.3779,-0.03
2025-03-06,USD/SGD,1.3792,0.1
2025-03-07,USD/SGD,1.3794,0.01
2025-03-10,USD/SGD,1.3788,-0.04
2025-03-11,USD/SGD,1.3781,-0.06
2025-03-12,USD/SGD,1.3764,-0.12
2025-03-13,USD/SGD,1.3751,-0.1
2025-03-14,USD/SGD,1.3722,-0.21
2025-03-17,USD/SGD,1.3717,-0.03
2025-03-18,USD/SGD,1.371,-0.06
2025-03-19,USD/SGD,1.3695,-0.11
2025-03-20,USD/SGD,1.3706,0.08
2025-03-21,USD/SGD,1.3713,0.05
2025-03-24,USD/SGD,1.3744,0.23
2025-03-25,USD/SGD,1.3785,0.29
2025-03-26,USD/SGD,1.3824,0.29
2025-03-27,USD/SGD,1.3855,0.22
2025-03-28,USD/SGD,1.3866,0.09
2025-03-31,USD/SGD,1.3879,0.09
2025-04-01,USD/SGD,1.3852,-0.19
2025-04-02,USD/SGD,1.3848,-0.03
2025-04-03,USD/SGD,1.3818,-0.22
2025-04-04,USD/SGD,1.3851,0.24
2025-04-07,USD/SGD,1.3839,-0.09
2025-04-08,USD/SGD,1.387,0.23
2025-04-09,USD/SGD,1.3904,0.24
2025-04-10,USD/SGD,1.3912,0.06
2025-04-11,USD/SGD,1.3884,-0.2
2025-04-14,USD/SGD,1.392,0.26
2025-04-15,USD/SGD,1.3917,-0.02
2025-04-16,USD/SGD,1.3891,-0.19
2025-04-17,USD/SGD,1.3886,-0.03
2025-04-18,USD/SGD,1.3859,-0.2
2025-04-21,USD/SGD,1.3865,0.05
2025-04-22,USD/SGD,1.387,0.04
2025-04-23,USD/SGD,1.3886,0.11
2025-04-24,USD/SGD,1.3884,-0.02
2025-04-25,USD/SGD,1.3896,0.09
2025-04-28,USD/SGD,1.3924,0.2
2025-04-29,USD/SGD,1.3906,-0.13
2025-04-30,USD/SGD,1.3927,0.16
2025-05-01,USD/SGD,1.3919,-0.06
2025-05-02,USD/SGD,1.3898,-0.15
2025-05-05,USD/SGD,1.3884,-0.1
2025-05-06,USD/SGD,1.3906,0.16
2025-05-07,USD/SGD,1.3896,-0.07
2025-05-08,USD/SGD,1.3928,0.24
2025-05-09,USD/SGD,1.3913,-0.11
2025-05-12,USD/SGD,1.3905,-0.05
2025-05-13,USD/SGD,1.3886,-0.14
2025-05-14,USD/SGD,1.3856,-0.22
2025-05-15,USD/SGD,1.3854,-0.02
2025-05-16,USD/SGD,1.384,-0.1
2025-05-19,USD/SGD,1.3829,-0.08
2025-05-20,USD/SGD,1.3837,0.06
2025-05-21,USD/SGD,1.3862,0.18
2025-05-22,USD/SGD,1.3857,-0.03
2025-05-23,USD/SGD,1.3836,-0.16
2025-05-26,USD/SGD,1.382,-0.12
2025-05-27,USD/SGD,1.3811,-0.06
2025-05-28,USD/SGD,1.3804,-0.05
2025-05-29,USD/SGD,1.3788,-0.12
2025-05-30,USD/SGD,1.3797,0.07
2025-06-02,USD/SGD,1.3785,-0.09
2025-06-03,USD/SGD,1.3797,0.08
2025-06-04,USD/SGD,1.3784,-0.09
2025-06-05,USD/SGD,1.3754,-0.22
2025-06-06,USD/SGD,1.3729,-0.18
2025-06-09,USD/SGD,1.3707,-0.17
2025-06-10,USD/SGD,1.3672,-0.25
2025-06-11,USD/SGD,1.3677,0.03
2025-06-12,USD/SGD,1.3645,-0.23
2025-06-13,USD/SGD,1.3684,0.29
2025-06-16,USD/SGD,1.3675,-0.07
2025-06-17,USD/SGD,1.368,0.04
2025-06-18,USD/SGD,1.3666,-0.1
2025-06-19,USD/SGD,1.366,-0.05
2025-06-20,USD/SGD,1.3655,-0.03
2025-06-23,USD/SGD,1.3647,-0.06
2025-06-24,USD/SGD,1.3644,-0.02
2025-06-25,USD/SGD,1.3629,-0.11
2025-06-26,USD/SGD,1.3594,-0.26
2025-06-27,USD/SGD,1.3571,-0.17
2025-06-30,USD/SGD,1.3577,0.05
2025-07-01,USD/SGD,1.3568,-0.07
2025-07-02,USD/SGD,1.3574,0.04
2025-07-03,USD/SGD,1.355,-0.18
2025-07-04,USD/SGD,1.3567,0.13
2025-07-07,USD/SGD,1.3542,-0.18
2025-07-08,USD/SGD,1.3534,-0.06
2025-07-09,USD/SGD,1.3529,-0.04
2025-07-10,USD/SGD,1.3541,0.09
2025-07-11,USD/SGD,1.3566,0.18
2025-07-14,USD/SGD,1.3568,0.02
2025-07-15,USD/SGD,1.3576,0.06
2025-07-16,USD/SGD,1.3586,0.07
2025-07-17,USD/SGD,1.3583,-0.02
2025-07-18,USD/SGD,1.357,-0.1
2025-07-21,USD/SGD,1.3552,-0.13
2025-07-22,USD/SGD,1.3546,-0.05
2025-07-23,USD/SGD,1.3573,0.2
2025-07-24,USD/SGD,1.3564,-0.06
2025-07-25,USD/SGD,1.3551,-0.1
2025-07-28,USD/SGD,1.3527,-0.18
2025-07-29,USD/SGD,1.3535,0.06
2025-07-30,USD/SGD,1.3557,0.16
2025-07-31,USD/SGD,1.3604,0.35
2025-08-01,USD/SGD,1.3584,-0.15
2025-08-04,USD/SGD,1.3558,-0.19
2025-08-05,USD/SGD,1.3598,0.29
2025-08-06,USD/SGD,1.3597,-0.01
2025-08-07,USD/SGD,1.3666,0.51
2025-08-08,USD/SGD,1.363,-0.27
2025-08-11,USD/SGD,1.3642,0.09
2025-08-12,USD/SGD,1.3636,-0.04
2025-08-13,USD/SGD,1.3609,-0.2
2025-08-14,USD/SGD,1.3614,0.04
2025-08-15,USD/SGD,1.3605,-0.07
2025-08-18,USD/SGD,1.3614,0.07
2025-08-19,USD/SGD,1.3603,-0.08
2025-08-20,USD/SGD,1.3615,0.08
2025-08-21,USD/SGD,1.3612,-0.02
2025-08-22,USD/SGD,1.362,0.05
2025-08-25,USD/SGD,1.3593,-0.19
2025-08-26,USD/SGD,1.3612,0.14
2025-08-27,USD/SGD,1.3587,-0.18
2025-08-28,USD/SGD,1.3637,0.37
2025-08-29,USD/SGD,1.3648,0.08
2025-09-01,USD/SGD,1.3657,0.07
2025-09-02,USD/SGD,1.3692,0.25
2025-09-03,USD/SGD,1.3679,-0.1
2025-09-04,USD/SGD,1.3691,0.09
2025-09-05,USD/SGD,1.3713,0.16
2025-09-08,USD/SGD,1.3705,-0.06
2025-09-09,USD/SGD,1.3683,-0.16
2025-09-10,USD/SGD,1.3675,-0.06
2025-09-11,USD/SGD,1.3644,-0.22
2025-09-12,USD/SGD,1.3634,-0.08
2025-09-15,USD/SGD,1.3653,0.14
2025-09-16,USD/SGD,1.3662,0.07
2025-09-17,USD/SGD,1.3632,-0.22
2025-09-18,USD/SGD,1.3643,0.08
2025-09-19,USD/SGD,1.363,-0.1
2025-09-22,USD/SGD,1.3617,-0.1
2025-09-23,USD/SGD,1.3594,-0.17
2025-09-24,USD/SGD,1.3603,0.07
2025-09-25,USD/SGD,1.3598,-0.04
2025-09-26,USD/SGD,1.3613,0.11
2025-09-29,USD/SGD,1.3647,0.25
2025-09-30,USD/SGD,1.3663,0.12
2025-10-01,USD/SGD,1.3691,0.2
2025-10-02,USD/SGD,1.3699,0.06
2025-10-03,USD/SGD,1.366,-0.28
2025-10-06,USD/SGD,1.3643,-0.13
2025-10-07,USD/SGD,1.364,-0.02
2025-10-08,USD/SGD,1.365,0.07
2025-10-09,USD/SGD,1.3653,0.02
2025-10-10,USD/SGD,1.3693,0.29
2025-10-13,USD/SGD,1.371,0.12
2025-10-14,USD/SGD,1.3689,-0.15
2025-10-15,USD/SGD,1.3723,0.25
2025-10-16,USD/SGD,1.3734,0.08
2025-10-17,USD/SGD,1.3736,0.02
2025-10-20,USD/SGD,1.3706,-0.22
2025-10-21,USD/SGD,1.3701,-0.03
2025-10-22,USD/SGD,1.3668,-0.24
2025-10-23,USD/SGD,1.3691,0.16
2025-10-24,USD/SGD,1.3664,-0.19
2025-10-27,USD/SGD,1.368,0.12
2025-10-28,USD/SGD,1.3678,-0.01
2025-10-29,USD/SGD,1.3714,0.26
2025-10-30,USD/SGD,1.3713,-0.01
2025-10-31,USD/SGD,1.3738,0.18
2025-11-03,USD/SGD,1.3727,-0.08
2025-11-04,USD/SGD,1.373,0.02
2025-11-05,USD/SGD,1.3732,0.02
2025-11-06,USD/SGD,1.3738,0.04
2025-11-07,USD/SGD,1.3771,0.25
2025-11-10,USD/SGD,1.3775,0.03
2025-11-11,USD/SGD,1.3766,-0.07
2025-11-12,USD/SGD,1.3749,-0.12
2025-11-13,USD/SGD,1.3753,0.03
2025-11-14,USD/SGD,1.3737,-0.12
2025-11-17,USD/SGD,1.3731,-0.05
2025-11-18,USD/SGD,1.3721,-0.07
2025-11-19,USD/SGD,1.3722,0.01
2025-11-20,USD/SGD,1.3725,0.02
2025-11-21,USD/SGD,1.376,0.26
2025-11-24,USD/SGD,1.3754,-0.04
2025-11-25,USD/SGD,1.3749,-0.04
2025-11-26,USD/SGD,1.3743,-0.04
2025-11-27,USD/SGD,1.3778,0.25
2025-11-28,USD/SGD,1.3787,0.06
2025-12-01,USD/SGD,1.3811,0.18
2025-12-02,USD/SGD,1.3835,0.17
2025-12-03,USD/SGD,1.3856,0.15
2025-12-04,USD/SGD,1.3872,0.12
2025-12-05,USD/SGD,1.3868,-0.03
2025-12-08,USD/SGD,1.3803,-0.47
2025-12-09,USD/SGD,1.3799,-0.03
2025-12-10,USD/SGD,1.3788,-0.08
2025-12-11,USD/SGD,1.3775,-0.1
2025-12-12,USD/SGD,1.3758,-0.12
2025-12-15,USD/SGD,1.3758,-0.01
2025-12-16,USD/SGD,1.372,-0.27
2025-12-17,USD/SGD,1.3704,-0.11
2025-12-18,USD/SGD,1.3719,0.11
2025-12-19,USD/SGD,1.372,0.0
2025-12-22,USD/SGD,1.3683,-0.27
2025-12-23,USD/SGD,1.3728,0.33
2025-12-24,USD/SGD,1.3714,-0.1
2025-12-25,USD/SGD,1.3713,-0.01
2025-12-26,USD/SGD,1.3717,0.02
2025-12-29,USD/SGD,1.3729,0.09
2025-12-30,USD/SGD,1.3742,0.1
2025-12-31,USD/SGD,1.3737,-0.04
2026-01-01,USD/SGD,1.3726,-0.08
2026-01-02,USD/SGD,1.369,-0.27
2026-01-05,USD/SGD,1.3663,-0.2
2026-01-06,USD/SGD,1.3667,0.03
2026-01-07,USD/SGD,1.3663,-0.03
2026-01-08,USD/SGD,1.3668,0.04
2026-01-09,USD/SGD,1.365,-0.13
2026-01-12,USD/SGD,1.3653,0.02
2026-01-13,USD/SGD,1.3635,-0.13
2026-01-14,USD/SGD,1.3612,-0.17
2026-01-15,USD/SGD,1.3616,0.03
2026-01-16,USD/SGD,1.3626,0.07
2026-01-19,USD/SGD,1.3626,0.0
2026-01-20,USD/SGD,1.3669,0.31
2026-01-21,USD/SGD,1.3693,0.18
2026-01-22,USD/SGD,1.3707,0.1
2026-01-23,USD/SGD,1.3711,0.03
2026-01-26,USD/SGD,1.3698,-0.1
2026-01-27,USD/SGD,1.3719,0.16
2026-01-28,USD/SGD,1.3699,-0.15
2026-01-29,USD/SGD,1.3685,-0.1
2026-01-30,USD/SGD,1.3663,-0.17
2026-02-02,USD/SGD,1.3657,-0.05
2026-02-03,USD/SGD,1.3652,-0.03
2026-02-04,USD/SGD,1.3674,0.16
2026-02-05,USD/SGD,1.3664,-0.08
2026-02-06,USD/SGD,1.3653,-0.08
2026-02-09,USD/SGD,1.3642,-0.08
2026-02-10,USD/SGD,1.363,-0.09
2026-02-11,USD/SGD,1.3616,-0.11
2026-02-12,USD/SGD,1.3621,0.04
2026-02-13,USD/SGD,1.3626,0.04
2026-02-16,USD/SGD,1.3651,0.18
2026-02-17,USD/SGD,1.3632,-0.14
2026-02-18,USD/SGD,1.363,-0.01
2026-02-19,USD/SGD,1.3603,-0.2
2026-02-20,USD/SGD,1.3611,0.06
2026-02-23,USD/SGD,1.3599,-0.08
2026-02-24,USD/SGD,1.3594,-0.04
2026-02-25,USD/SGD,1.3618,0.18
2026-02-26,USD/SGD,1.36,-0.14
2026-02-27,USD/SGD,1.3604,0.03
2026-03-02,USD/SGD,1.364,0.26
2026-03-03,USD/SGD,1.3634,-0.04
2026-03-04,USD/SGD,1.3587,-0.35
2026-03-05,USD/SGD,1.3593,0.05
2026-03-06,USD/SGD,1.3593,-0.0
2026-03-09,USD/SGD,1.3626,0.24
2026-03-10,USD/SGD,1.3636,0.07
2026-03-11,USD/SGD,1.3633,-0.02
2026-03-12,USD/SGD,1.3624,-0.07
2026-03-13,USD/SGD,1.3634,0.08
2026-03-16,USD/SGD,1.3636,0.01
2026-03-17,USD/SGD,1.3631,-0.03
2026-03-18,USD/SGD,1.3639,0.06
2026-03-19,USD/SGD,1.3609,-0.22
2026-03-20,USD/SGD,1.3627,0.13
2026-03-23,USD/SGD,1.3628,0.01
2026-03-24,USD/SGD,1.3637,0.06
2026-03-25,USD/SGD,1.3667,0.22
2026-03-26,USD/SGD,1.3649,-0.13
2026-03-27,USD/SGD,1.3634,-0.11
2026-03-30,USD/SGD,1.362,-0.1
2026-03-31,USD/SGD,1.3619,-0.01
2026-04-01,USD/SGD,1.3658,0.29
2026-04-02,USD/SGD,1.3672,0.11
2026-04-03,USD/SGD,1.3655,-0.12
2026-04-06,USD/SGD,1.3645,-0.08
2026-04-07,USD/SGD,1.3638,-0.05
2026-04-08,USD/SGD,1.3635,-0.02
2026-04-09,USD/SGD,1.3666,0.22
2026-04-10,USD/SGD,1.3679,0.1
2026-04-13,USD/SGD,1.3703,0.18
2026-04-14,USD/SGD,1.368,-0.17
2026-04-15,USD/SGD,1.3696,0.12
2026-04-16,USD/SGD,1.3692,-0.03
2026-04-17,USD/SGD,1.3676,-0.12
2026-04-20,USD/SGD,1.3681,0.04
2026-04-21,USD/SGD,1.366,-0.16
2026-04-22,USD/SGD,1.3651,-0.07
2026-04-23,USD/SGD,1.3667,0.12
2026-04-24,USD/SGD,1.3672,0.04
2026-04-27,USD/SGD,1.3629,-0.32
2026-04-28,USD/SGD,1.3669,0.3
2026-04-29,USD/SGD,1.3646,-0.17
2026-04-30,USD/SGD,1.3679,0.24
2026-05-01,USD/SGD,1.3666,-0.09
2026-05-04,USD/SGD,1.3676,0.07
2026-05-05,USD/SGD,1.3666,-0.08
2026-05-06,USD/SGD,1.3641,-0.18
2026-05-07,USD/SGD,1.3659,0.13
2026-05-08,USD/SGD,1.3674,0.11
2026-05-11,USD/SGD,1.3703,0.21
2026-05-12,USD/SGD,1.3709,0.05
2026-05-13,USD/SGD,1.3705,-0.03
2026-05-14,USD/SGD,1.3665,-0.3
2026-05-15,USD/SGD,1.3664,-0.01
2026-05-18,USD/SGD,1.3664,0.0
2026-05-19,USD/SGD,1.3694,0.22
2026-05-20,USD/SGD,1.3711,0.12
2026-05-21,USD/SGD,1.3716,0.04
2026-05-22,USD/SGD,1.3714,-0.02
2026-05-25,USD/SGD,1.3684,-0.22
2026-05-26,USD/SGD,1.3632,-0.37
2026-05-27,USD/SGD,1.3628,-0.03
2026-05-28,USD/SGD,1.3603,-0.18
2026-05-29,USD/SGD,1.3597,-0.05
2026-06-01,USD/SGD,1.357,-0.2
2026-06-02,USD/SGD,1.3582,0.09
2026-06-03,USD/SGD,1.3622,0.29
2026-06-04,USD/SGD,1.3608,-0.1
2026-06-05,USD/SGD,1.3619,0.08
2026-06-08,USD/SGD,1.3649,0.22
2026-06-09,USD/SGD,1.3638,-0.09
2026-06-10,USD/SGD,1.3661,0.17
2026-06-11,USD/SGD,1.3648,-0.1
2026-06-12,USD/SGD,1.364,-0.06
2026-06-15,USD/SGD,1.3638,-0.02
2026-06-16,USD/SGD,1.3636,-0.01
2026-06-17,USD/SGD,1.3623,-0.1
2026-06-18,USD/SGD,1.3612,-0.08
2026-06-19,USD/SGD,1.3631,0.14
2026-06-22,USD/SGD,1.3641,0.07
2026-06-23,USD/SGD,1.3605,-0.26
2026-06-24,USD/SGD,1.3615,0.07
2026-06-25,USD/SGD,1.3616,0.01
2026-06-26,USD/SGD,1.3629,0.1
2026-06-29,USD/SGD,1.3624,-0.04
2026-06-30,USD/SGD,1.3583,-0.3
2026-07-01,USD/SGD,1.3595,0.09
2026-07-02,USD/SGD,1.3569,-0.2
2026-07-03,USD/SGD,1.3535,-0.25
2026-07-06,USD/SGD,1.3541,0.05
2026-07-07,USD/SGD,1.3556,0.11
2026-07-08,USD/SGD,1.3535,-0.15
2026-07-09,USD/SGD,1.3563,0.2
2026-07-10,USD/SGD,1.3556,-0.05
2026-07-13,USD/SGD,1.356,0.03
2026-07-14,USD/SGD,1.3561,0.01
2026-07-15,USD/SGD,1.3551,-0.07
2026-07-16,USD/SGD,1.3519,-0.24
2026-07-17,USD/SGD,1.3508,-0.09
2026-07-20,USD/SGD,1.3504,-0.02
2026-07-21,USD/SGD,1.3503,-0.01
2026-07-22,USD/SGD,1.3503,0.0
2026-07-23,USD/SGD,1.3507,0.03
2026-07-24,USD/SGD,1.3484,-0.18
2026-07-27,USD/SGD,1.3483,-0.0
2026-07-28,USD/SGD,1.3472,-0.09
2026-07-29,USD/SGD,1.3471,-0.01
2026-07-30,USD/SGD,1.3463,-0.05
2026-07-31,USD/SGD,1.3493,0.22
2026-08-03,USD/SGD,1.3502,0.07
2026-08-04,USD/SGD,1.3494,-0.06
2026-08-05,USD/SGD,1.346,-0.25
2026-08-06,USD/SGD,1.3456,-0.03
2026-08-07,USD/SGD,1.3461,0.03
2026-08-10,USD/SGD,1.3438,-0.17
2026-08-11,USD/SGD,1.3406,-0.23
2026-08-12,USD/SGD,1.3406,-0.0
2026-08-13,USD/SGD,1.3398,-0.07
2026-08-14,USD/SGD,1.3399,0.01
2026-08-17,USD/SGD,1.3405,0.04
2026-08-18,USD/SGD,1.3438,0.24
2026-08-19,USD/SGD,1.3434,-0.03
2026-08-20,USD/SGD,1.3434,-0.0
2026-08-21,USD/SGD,1.3405,-0.21
2026-08-24,USD/SGD,1.3389,-0.12
2026-08-25,USD/SGD,1.3379,-0.07
2026-08-26,USD/SGD,1.3351,-0.21
2026-08-27,USD/SGD,1.3349,-0.02
2026-08-28,USD/SGD,1.3328,-0.16
2026-08-31,USD/SGD,1.3339,0.08
2026-09-01,USD/SGD,1.3323,-0.12
2026-09-02,USD/SGD,1.3288,-0.27
2026-09-03,USD/SGD,1.3274,-0.1
2026-09-04,USD/SGD,1.3256,-0.14
2026-09-07,USD/SGD,1.325,-0.04
2026-09-08,USD/SGD,1.3278,0.21
2024-01-01,USD/ZAR,18.5377,0.2
2024-01-02,USD/ZAR,18.3095,-1.23
2024-01-03,USD/ZAR,18.3667,0.31
2024-01-04,USD/ZAR,18.2617,-0.57
2024-01-05,USD/ZAR,18.2958,0.19
2024-01-08,USD/ZAR,18.2433,-0.29
2024-01-09,USD/ZAR,18.259,0.09
2024-01-10,USD/ZAR,18.2399,-0.1
2024-01-11,USD/ZAR,18.3466,0.58
2024-01-12,USD/ZAR,18.3337,-0.07
2024-01-15,USD/ZAR,18.4151,0.44
2024-01-16,USD/ZAR,18.49,0.41
2024-01-17,USD/ZAR,18.5485,0.32
2024-01-18,USD/ZAR,18.5603,0.06
2024-01-19,USD/ZAR,18.7303,0.92
2024-01-22,USD/ZAR,18.6683,-0.33
2024-01-23,USD/ZAR,18.8016,0.71
2024-01-24,USD/ZAR,18.7596,-0.22
2024-01-25,USD/ZAR,18.6569,-0.55
2024-01-26,USD/ZAR,18.6472,-0.05
2024-01-29,USD/ZAR,18.6692,0.12
2024-01-30,USD/ZAR,18.6591,-0.05
2024-01-31,USD/ZAR,18.6147,-0.24
2024-02-01,USD/ZAR,18.5367,-0.42
2024-02-02,USD/ZAR,18.4935,-0.23
2024-02-05,USD/ZAR,18.4162,-0.42
2024-02-06,USD/ZAR,18.4066,-0.05
2024-02-07,USD/ZAR,18.5557,0.81
2024-02-08,USD/ZAR,18.5363,-0.1
2024-02-09,USD/ZAR,18.4518,-0.46
2024-02-12,USD/ZAR,18.3545,-0.53
2024-02-13,USD/ZAR,18.3484,-0.03
2024-02-14,USD/ZAR,18.3562,0.04
2024-02-15,USD/ZAR,18.4031,0.26
2024-02-16,USD/ZAR,18.3808,-0.12
2024-02-19,USD/ZAR,18.4581,0.42
2024-02-20,USD/ZAR,18.4359,-0.12
2024-02-21,USD/ZAR,18.4229,-0.07
2024-02-22,USD/ZAR,18.5117,0.48
2024-02-23,USD/ZAR,18.5737,0.34
2024-02-26,USD/ZAR,18.6109,0.2
2024-02-27,USD/ZAR,18.6812,0.38
2024-02-28,USD/ZAR,18.8217,0.75
2024-02-29,USD/ZAR,18.6876,-0.71
2024-03-01,USD/ZAR,18.6218,-0.35
2024-03-04,USD/ZAR,18.636,0.08
2024-03-05,USD/ZAR,18.5701,-0.35
2024-03-06,USD/ZAR,18.6988,0.69
2024-03-07,USD/ZAR,18.7151,0.09
2024-03-08,USD/ZAR,18.8227,0.58
2024-03-11,USD/ZAR,18.958,0.72
2024-03-12,USD/ZAR,19.0246,0.35
2024-03-13,USD/ZAR,18.9967,-0.15
2024-03-14,USD/ZAR,19.024,0.14
2024-03-15,USD/ZAR,19.0057,-0.1
2024-03-18,USD/ZAR,19.2692,1.39
2024-03-19,USD/ZAR,19.0498,-1.14
2024-03-20,USD/ZAR,19.121,0.37
2024-03-21,USD/ZAR,19.2375,0.61
2024-03-22,USD/ZAR,19.3257,0.46
2024-03-25,USD/ZAR,19.1992,-0.65
2024-03-26,USD/ZAR,19.3641,0.86
2024-03-27,USD/ZAR,19.4839,0.62
2024-03-28,USD/ZAR,19.401,-0.43
2024-03-29,USD/ZAR,19.4704,0.36
2024-04-01,USD/ZAR,19.5317,0.32
2024-04-02,USD/ZAR,19.5369,0.03
2024-04-03,USD/ZAR,19.619,0.42
2024-04-04,USD/ZAR,19.7323,0.58
2024-04-05,USD/ZAR,19.6262,-0.54
2024-04-08,USD/ZAR,19.5957,-0.16
2024-04-09,USD/ZAR,19.417,-0.91
2024-04-10,USD/ZAR,19.3412,-0.39
2024-04-11,USD/ZAR,19.1953,-0.75
2024-04-12,USD/ZAR,19.2954,0.52
2024-04-15,USD/ZAR,19.3777,0.43
2024-04-16,USD/ZAR,19.414,0.19
2024-04-17,USD/ZAR,19.3497,-0.33
2024-04-18,USD/ZAR,19.595,1.27
2024-04-19,USD/ZAR,19.5012,-0.48
2024-04-22,USD/ZAR,19.63,0.66
2024-04-23,USD/ZAR,19.4708,-0.81
2024-04-24,USD/ZAR,19.6266,0.8
2024-04-25,USD/ZAR,19.7948,0.86
2024-04-26,USD/ZAR,19.7889,-0.03
2024-04-29,USD/ZAR,19.7224,-0.34
2024-04-30,USD/ZAR,19.721,-0.01
2024-05-01,USD/ZAR,19.704,-0.09
2024-05-02,USD/ZAR,19.4454,-1.31
2024-05-03,USD/ZAR,19.4474,0.01
2024-05-06,USD/ZAR,19.4122,-0.18
2024-05-07,USD/ZAR,19.3319,-0.41
2024-05-08,USD/ZAR,19.5636,1.2
2024-05-09,USD/ZAR,19.5691,0.03
2024-05-10,USD/ZAR,19.6449,0.39
2024-05-13,USD/ZAR,19.5699,-0.38
2024-05-14,USD/ZAR,19.452,-0.6
2024-05-15,USD/ZAR,19.2993,-0.78
2024-05-16,USD/ZAR,19.2973,-0.01
2024-05-17,USD/ZAR,19.1493,-0.77
2024-05-20,USD/ZAR,19.1748,0.13
2024-05-21,USD/ZAR,19.3154,0.73
2024-05-22,USD/ZAR,19.2923,-0.12
2024-05-23,USD/ZAR,19.2112,-0.42
2024-05-24,USD/ZAR,19.3222,0.58
2024-05-27,USD/ZAR,19.2529,-0.36
2024-05-28,USD/ZAR,19.1171,-0.71
2024-05-29,USD/ZAR,19.3209,1.07
2024-05-30,USD/ZAR,19.3019,-0.1
2024-05-31,USD/ZAR,19.3575,0.29
2024-06-03,USD/ZAR,19.3024,-0.28
2024-06-04,USD/ZAR,19.1987,-0.54
2024-06-05,USD/ZAR,19.3089,0.57
2024-06-06,USD/ZAR,19.2343,-0.39
2024-06-07,USD/ZAR,19.3458,0.58
2024-06-10,USD/ZAR,19.302,-0.23
2024-06-11,USD/ZAR,19.1353,-0.86
2024-06-12,USD/ZAR,18.8748,-1.36
2024-06-13,USD/ZAR,19.0831,1.1
2024-06-14,USD/ZAR,19.1062,0.12
2024-06-17,USD/ZAR,19.2119,0.55
2024-06-18,USD/ZAR,19.236,0.13
2024-06-19,USD/ZAR,19.1877,-0.25
2024-06-20,USD/ZAR,19.2217,0.18
2024-06-21,USD/ZAR,19.064,-0.82
2024-06-24,USD/ZAR,19.058,-0.03
2024-06-25,USD/ZAR,19.1082,0.26
2024-06-26,USD/ZAR,18.914,-1.02
2024-06-27,USD/ZAR,18.9299,0.08
2024-06-28,USD/ZAR,19.0101,0.42
2024-07-01,USD/ZAR,18.9717,-0.2
2024-07-02,USD/ZAR,18.9676,-0.02
2024-07-03,USD/ZAR,18.8817,-0.45
2024-07-04,USD/ZAR,19.0297,0.78
2024-07-05,USD/ZAR,18.9855,-0.23
2024-07-08,USD/ZAR,18.9253,-0.32
2024-07-09,USD/ZAR,18.8861,-0.21
2024-07-10,USD/ZAR,18.9036,0.09
2024-07-11,USD/ZAR,18.8686,-0.19
2024-07-12,USD/ZAR,18.8608,-0.04
2024-07-15,USD/ZAR,18.8627,0.01
2024-07-16,USD/ZAR,18.8312,-0.17
2024-07-17,USD/ZAR,18.9271,0.51
2024-07-18,USD/ZAR,18.8858,-0.22
2024-07-19,USD/ZAR,18.7598,-0.67
2024-07-22,USD/ZAR,18.8282,0.36
2024-07-23,USD/ZAR,18.6968,-0.7
2024-07-24,USD/ZAR,18.7308,0.18
2024-07-25,USD/ZAR,18.7787,0.26
2024-07-26,USD/ZAR,18.8483,0.37
2024-07-29,USD/ZAR,18.9184,0.37
2024-07-30,USD/ZAR,19.0757,0.83
2024-07-31,USD/ZAR,19.1355,0.31
2024-08-01,USD/ZAR,19.3005,0.86
2024-08-02,USD/ZAR,19.4442,0.74
2024-08-05,USD/ZAR,19.5316,0.45
2024-08-06,USD/ZAR,19.5371,0.03
2024-08-07,USD/ZAR,19.2317,-1.56
2024-08-08,USD/ZAR,19.589,1.86
2024-08-09,USD/ZAR,19.5405,-0.25
2024-08-12,USD/ZAR,19.6711,0.67
2024-08-13,USD/ZAR,19.5065,-0.84
2024-08-14,USD/ZAR,19.614,0.55
2024-08-15,USD/ZAR,19.7968,0.93
2024-08-16,USD/ZAR,19.8148,0.09
2024-08-19,USD/ZAR,20.034,1.11
2024-08-20,USD/ZAR,20.089,0.27
2024-08-21,USD/ZAR,20.0965,0.04
2024-08-22,USD/ZAR,20.1788,0.41
2024-08-23,USD/ZAR,20.3429,0.81
2024-08-26,USD/ZAR,20.498,0.76
2024-08-27,USD/ZAR,20.3148,-0.89
2024-08-28,USD/ZAR,20.4605,0.72
2024-08-29,USD/ZAR,20.5803,0.59
2024-08-30,USD/ZAR,20.6259,0.22
2024-09-02,USD/ZAR,20.5593,-0.32
2024-09-03,USD/ZAR,20.4238,-0.66
2024-09-04,USD/ZAR,20.5323,0.53
2024-09-05,USD/ZAR,20.6218,0.44
2024-09-06,USD/ZAR,20.5469,-0.36
2024-09-09,USD/ZAR,20.5254,-0.1
2024-09-10,USD/ZAR,20.5115,-0.07
2024-09-11,USD/ZAR,20.4509,-0.3
2024-09-12,USD/ZAR,20.4792,0.14
2024-09-13,USD/ZAR,20.452,-0.13
2024-09-16,USD/ZAR,20.5725,0.59
2024-09-17,USD/ZAR,20.4589,-0.55
2024-09-18,USD/ZAR,20.3788,-0.39
2024-09-19,USD/ZAR,20.4939,0.56
2024-09-20,USD/ZAR,20.6998,1.01
2024-09-23,USD/ZAR,20.5462,-0.74
2024-09-24,USD/ZAR,20.6776,0.64
2024-09-25,USD/ZAR,20.6373,-0.19
2024-09-26,USD/ZAR,20.6532,0.08
2024-09-27,USD/ZAR,20.499,-0.75
2024-09-30,USD/ZAR,20.4556,-0.21
2024-10-01,USD/ZAR,20.3482,-0.52
2024-10-02,USD/ZAR,20.424,0.37
2024-10-03,USD/ZAR,20.2611,-0.8
2024-10-04,USD/ZAR,20.166,-0.47
2024-10-07,USD/ZAR,20.0603,-0.52
2024-10-08,USD/ZAR,20.0495,-0.05
2024-10-09,USD/ZAR,20.107,0.29
2024-10-10,USD/ZAR,20.2739,0.83
2024-10-11,USD/ZAR,20.3502,0.38
2024-10-14,USD/ZAR,20.347,-0.02
2024-10-15,USD/ZAR,20.2622,-0.42
2024-10-16,USD/ZAR,20.3392,0.38
2024-10-17,USD/ZAR,20.185,-0.76
2024-10-18,USD/ZAR,20.2296,0.22
2024-10-21,USD/ZAR,20.235,0.03
2024-10-22,USD/ZAR,20.2036,-0.16
2024-10-23,USD/ZAR,20.191,-0.06
2024-10-24,USD/ZAR,20.3665,0.87
2024-10-25,USD/ZAR,20.5189,0.75
2024-10-28,USD/ZAR,20.7126,0.94
2024-10-29,USD/ZAR,20.5346,-0.86
2024-10-30,USD/ZAR,20.4852,-0.24
2024-10-31,USD/ZAR,20.3695,-0.56
2024-11-01,USD/ZAR,20.3938,0.12
2024-11-04,USD/ZAR,20.4186,0.12
2024-11-05,USD/ZAR,20.3781,-0.2
2024-11-06,USD/ZAR,20.5699,0.94
2024-11-07,USD/ZAR,20.6872,0.57
2024-11-08,USD/ZAR,20.7961,0.53
2024-11-11,USD/ZAR,20.7052,-0.44
2024-11-12,USD/ZAR,20.8733,0.81
2024-11-13,USD/ZAR,20.9817,0.52
2024-11-14,USD/ZAR,21.0152,0.16
2024-11-15,USD/ZAR,20.9664,-0.23
2024-11-18,USD/ZAR,20.7762,-0.91
2024-11-19,USD/ZAR,20.9965,1.06
2024-11-20,USD/ZAR,21.0719,0.36
2024-11-21,USD/ZAR,20.9769,-0.45
2024-11-22,USD/ZAR,21.0039,0.13
2024-11-25,USD/ZAR,20.9108,-0.44
2024-11-26,USD/ZAR,21.0423,0.63
2024-11-27,USD/ZAR,21.0087,-0.16
2024-11-28,USD/ZAR,20.955,-0.26
2024-11-29,USD/ZAR,20.7192,-1.13
2024-12-02,USD/ZAR,20.9435,1.08
2024-12-03,USD/ZAR,20.9191,-0.12
2024-12-04,USD/ZAR,21.1224,0.97
2024-12-05,USD/ZAR,21.0311,-0.43
2024-12-06,USD/ZAR,21.1117,0.38
2024-12-09,USD/ZAR,21.1062,-0.03
2024-12-10,USD/ZAR,21.2967,0.9
2024-12-11,USD/ZAR,21.2157,-0.38
2024-12-12,USD/ZAR,21.235,0.09
2024-12-13,USD/ZAR,21.2736,0.18
2024-12-16,USD/ZAR,21.1061,-0.79
2024-12-17,USD/ZAR,21.0569,-0.23
2024-12-18,USD/ZAR,21.0579,0.0
2024-12-19,USD/ZAR,21.0443,-0.06
2024-12-20,USD/ZAR,21.0829,0.18
2024-12-23,USD/ZAR,21.2397,0.74
2024-12-24,USD/ZAR,21.1727,-0.32
2024-12-25,USD/ZAR,21.3465,0.82
2024-12-26,USD/ZAR,21.3093,-0.17
2024-12-27,USD/ZAR,21.3322,0.11
2024-12-30,USD/ZAR,21.3597,0.13
2024-12-31,USD/ZAR,21.4109,0.24
2025-01-01,USD/ZAR,21.4674,0.26
2025-01-02,USD/ZAR,21.5443,0.36
2025-01-03,USD/ZAR,21.7269,0.85
2025-01-06,USD/ZAR,21.8718,0.67
2025-01-07,USD/ZAR,21.7396,-0.6
2025-01-08,USD/ZAR,21.9248,0.85
2025-01-09,USD/ZAR,22.0927,0.77
2025-01-10,USD/ZAR,22.0189,-0.33
2025-01-13,USD/ZAR,22.0007,-0.08
2025-01-14,USD/ZAR,22.0364,0.16
2025-01-15,USD/ZAR,21.9211,-0.52
2025-01-16,USD/ZAR,21.9222,0.01
2025-01-17,USD/ZAR,22.0159,0.43
2025-01-20,USD/ZAR,21.8789,-0.62
2025-01-21,USD/ZAR,21.9423,0.29
2025-01-22,USD/ZAR,22.1396,0.9
2025-01-23,USD/ZAR,22.3276,0.85
2025-01-24,USD/ZAR,22.3152,-0.06
2025-01-27,USD/ZAR,22.2822,-0.15
2025-01-28,USD/ZAR,22.0241,-1.16
2025-01-29,USD/ZAR,22.0282,0.02
2025-01-30,USD/ZAR,22.1575,0.59
2025-01-31,USD/ZAR,22.129,-0.13
2025-02-03,USD/ZAR,21.9201,-0.94
2025-02-04,USD/ZAR,21.6796,-1.1
2025-02-05,USD/ZAR,21.4695,-0.97
2025-02-06,USD/ZAR,21.5394,0.33
2025-02-07,USD/ZAR,21.4442,-0.44
2025-02-10,USD/ZAR,21.4635,0.09
2025-02-11,USD/ZAR,21.5335,0.33
2025-02-12,USD/ZAR,21.7838,1.16
2025-02-13,USD/ZAR,21.7682,-0.07
2025-02-14,USD/ZAR,21.7184,-0.23
2025-02-17,USD/ZAR,21.7255,0.03
2025-02-18,USD/ZAR,21.6905,-0.16
2025-02-19,USD/ZAR,21.5442,-0.67
2025-02-20,USD/ZAR,21.5414,-0.01
2025-02-21,USD/ZAR,21.5591,0.08
2025-02-24,USD/ZAR,21.6449,0.4
2025-02-25,USD/ZAR,21.4438,-0.93
2025-02-26,USD/ZAR,21.2141,-1.07
2025-02-27,USD/ZAR,21.3255,0.52
2025-02-28,USD/ZAR,21.2112,-0.54
2025-03-03,USD/ZAR,21.1826,-0.13
2025-03-04,USD/ZAR,21.0918,-0.43
2025-03-05,USD/ZAR,21.0071,-0.4
2025-03-06,USD/ZAR,20.915,-0.44
2025-03-07,USD/ZAR,21.0355,0.58
2025-03-10,USD/ZAR,21.2724,1.13
2025-03-11,USD/ZAR,21.3208,0.23
2025-03-12,USD/ZAR,21.2289,-0.43
2025-03-13,USD/ZAR,21.1274,-0.48
2025-03-14,USD/ZAR,21.2863,0.75
2025-03-17,USD/ZAR,21.2126,-0.35
2025-03-18,USD/ZAR,20.9702,-1.14
2025-03-19,USD/ZAR,20.8218,-0.71
2025-03-20,USD/ZAR,20.8489,0.13
2025-03-21,USD/ZAR,21.0908,1.16
2025-03-24,USD/ZAR,21.3292,1.13
2025-03-25,USD/ZAR,21.3075,-0.1
2025-03-26,USD/ZAR,21.2874,-0.09
2025-03-27,USD/ZAR,21.2533,-0.16
2025-03-28,USD/ZAR,21.3786,0.59
2025-03-31,USD/ZAR,21.2712,-0.5
2025-04-01,USD/ZAR,21.1796,-0.43
2025-04-02,USD/ZAR,21.4084,1.08
2025-04-03,USD/ZAR,21.4009,-0.04
2025-04-04,USD/ZAR,21.2653,-0.63
2025-04-07,USD/ZAR,21.1958,-0.33
2025-04-08,USD/ZAR,21.1103,-0.4
2025-04-09,USD/ZAR,21.2856,0.83
2025-04-10,USD/ZAR,21.2307,-0.26
2025-04-11,USD/ZAR,21.1525,-0.37
2025-04-14,USD/ZAR,21.0292,-0.58
2025-04-15,USD/ZAR,21.0154,-0.07
2025-04-16,USD/ZAR,20.9693,-0.22
2025-04-17,USD/ZAR,20.9058,-0.3
2025-04-18,USD/ZAR,20.8779,-0.13
2025-04-21,USD/ZAR,20.6275,-1.2
2025-04-22,USD/ZAR,20.7233,0.46
2025-04-23,USD/ZAR,20.7183,-0.02
2025-04-24,USD/ZAR,20.6168,-0.49
2025-04-25,USD/ZAR,20.6198,0.01
2025-04-28,USD/ZAR,20.5097,-0.53
2025-04-29,USD/ZAR,20.4616,-0.23
2025-04-30,USD/ZAR,20.4953,0.16
2025-05-01,USD/ZAR,20.3425,-0.75
2025-05-02,USD/ZAR,20.1452,-0.97
2025-05-05,USD/ZAR,20.043,-0.51
2025-05-06,USD/ZAR,20.045,0.01
2025-05-07,USD/ZAR,20.1012,0.28
2025-05-08,USD/ZAR,19.9586,-0.71
2025-05-09,USD/ZAR,20.0839,0.63
2025-05-12,USD/ZAR,19.965,-0.59
2025-05-13,USD/ZAR,19.8308,-0.67
2025-05-14,USD/ZAR,19.9657,0.68
2025-05-15,USD/ZAR,19.9231,-0.21
2025-05-16,USD/ZAR,19.7761,-0.74
2025-05-19,USD/ZAR,19.6919,-0.43
2025-05-20,USD/ZAR,19.6583,-0.17
2025-05-21,USD/ZAR,19.4124,-1.25
2025-05-22,USD/ZAR,19.6514,1.23
2025-05-23,USD/ZAR,19.6845,0.17
2025-05-26,USD/ZAR,19.7184,0.17
2025-05-27,USD/ZAR,19.612,-0.54
2025-05-28,USD/ZAR,19.751,0.71
2025-05-29,USD/ZAR,19.4915,-1.31
2025-05-30,USD/ZAR,19.457,-0.18
2025-06-02,USD/ZAR,19.4281,-0.15
2025-06-03,USD/ZAR,19.5559,0.66
2025-06-04,USD/ZAR,19.5874,0.16
2025-06-05,USD/ZAR,19.4058,-0.93
2025-06-06,USD/ZAR,19.5491,0.74
2025-06-09,USD/ZAR,19.6246,0.39
2025-06-10,USD/ZAR,19.766,0.72
2025-06-11,USD/ZAR,19.8843,0.6
2025-06-12,USD/ZAR,20.0074,0.62
2025-06-13,USD/ZAR,20.0984,0.45
2025-06-16,USD/ZAR,20.1594,0.3
2025-06-17,USD/ZAR,20.2446,0.42
2025-06-18,USD/ZAR,20.4302,0.92
2025-06-19,USD/ZAR,20.3757,-0.27
2025-06-20,USD/ZAR,20.3449,-0.15
2025-06-23,USD/ZAR,20.2846,-0.3
2025-06-24,USD/ZAR,20.1702,-0.56
2025-06-25,USD/ZAR,20.2173,0.23
2025-06-26,USD/ZAR,20.2058,-0.06
2025-06-27,USD/ZAR,20.3139,0.54
2025-06-30,USD/ZAR,20.264,-0.25
2025-07-01,USD/ZAR,20.226,-0.19
2025-07-02,USD/ZAR,20.3951,0.84
2025-07-03,USD/ZAR,20.4732,0.38
2025-07-04,USD/ZAR,20.4003,-0.36
2025-07-07,USD/ZAR,20.4741,0.36
2025-07-08,USD/ZAR,20.591,0.57
2025-07-09,USD/ZAR,20.6504,0.29
2025-07-10,USD/ZAR,20.759,0.53
2025-07-11,USD/ZAR,20.8573,0.47
2025-07-14,USD/ZAR,20.6886,-0.81
2025-07-15,USD/ZAR,20.6819,-0.03
2025-07-16,USD/ZAR,20.7683,0.42
2025-07-17,USD/ZAR,20.8571,0.43
2025-07-18,USD/ZAR,20.9912,0.64
2025-07-21,USD/ZAR,21.0465,0.26
2025-07-22,USD/ZAR,21.1909,0.69
2025-07-23,USD/ZAR,21.3426,0.72
2025-07-24,USD/ZAR,21.4485,0.5
2025-07-25,USD/ZAR,21.3632,-0.4
2025-07-28,USD/ZAR,21.3739,0.05
2025-07-29,USD/ZAR,21.4488,0.35
2025-07-30,USD/ZAR,21.5825,0.62
2025-07-31,USD/ZAR,21.6657,0.39
2025-08-01,USD/ZAR,21.6772,0.05
2025-08-04,USD/ZAR,21.7005,0.11
2025-08-05,USD/ZAR,21.9207,1.01
2025-08-06,USD/ZAR,22.0174,0.44
2025-08-07,USD/ZAR,22.3029,1.3
2025-08-08,USD/ZAR,22.3479,0.2
2025-08-11,USD/ZAR,22.5809,1.04
2025-08-12,USD/ZAR,22.5821,0.01
2025-08-13,USD/ZAR,22.5956,0.06
2025-08-14,USD/ZAR,22.6068,0.05
2025-08-15,USD/ZAR,22.7089,0.45
2025-08-18,USD/ZAR,22.3339,-1.65
2025-08-19,USD/ZAR,22.5468,0.95
2025-08-20,USD/ZAR,22.4951,-0.23
2025-08-21,USD/ZAR,22.3445,-0.67
2025-08-22,USD/ZAR,22.1141,-1.03
2025-08-25,USD/ZAR,22.2029,0.4
2025-08-26,USD/ZAR,22.0866,-0.52
2025-08-27,USD/ZAR,22.1763,0.41
2025-08-28,USD/ZAR,22.1918,0.07
2025-08-29,USD/ZAR,22.0766,-0.52
2025-09-01,USD/ZAR,22.1783,0.46
2025-09-02,USD/ZAR,22.4096,1.04
2025-09-03,USD/ZAR,22.2447,-0.74
2025-09-04,USD/ZAR,22.1613,-0.37
2025-09-05,USD/ZAR,22.1454,-0.07
2025-09-08,USD/ZAR,21.9453,-0.9
2025-09-09,USD/ZAR,22.2472,1.38
2025-09-10,USD/ZAR,22.2708,0.11
2025-09-11,USD/ZAR,22.2314,-0.18
2025-09-12,USD/ZAR,22.1069,-0.56
2025-09-15,USD/ZAR,21.9691,-0.62
2025-09-16,USD/ZAR,21.9963,0.12
2025-09-17,USD/ZAR,22.006,0.04
2025-09-18,USD/ZAR,22.0615,0.25
2025-09-19,USD/ZAR,21.8761,-0.84
2025-09-22,USD/ZAR,21.8616,-0.07
2025-09-23,USD/ZAR,21.9797,0.54
2025-09-24,USD/ZAR,22.0561,0.35
2025-09-25,USD/ZAR,21.9414,-0.52
2025-09-26,USD/ZAR,22.0578,0.53
2025-09-29,USD/ZAR,22.2638,0.93
2025-09-30,USD/ZAR,22.2321,-0.14
2025-10-01,USD/ZAR,22.2456,0.06
2025-10-02,USD/ZAR,22.2472,0.01
2025-10-03,USD/ZAR,22.3394,0.41
2025-10-06,USD/ZAR,22.3897,0.23
2025-10-07,USD/ZAR,22.2328,-0.7
2025-10-08,USD/ZAR,22.5118,1.25
2025-10-09,USD/ZAR,22.5603,0.22
2025-10-10,USD/ZAR,22.8464,1.27
2025-10-13,USD/ZAR,23.0418,0.86
2025-10-14,USD/ZAR,23.0016,-0.17
2025-10-15,USD/ZAR,22.9835,-0.08
2025-10-16,USD/ZAR,22.8517,-0.57
2025-10-17,USD/ZAR,22.7574,-0.41
2025-10-20,USD/ZAR,22.7075,-0.22
2025-10-21,USD/ZAR,22.7325,0.11
2025-10-22,USD/ZAR,22.8655,0.59
2025-10-23,USD/ZAR,23.0615,0.86
2025-10-24,USD/ZAR,23.0562,-0.02
2025-10-27,USD/ZAR,23.1103,0.23
2025-10-28,USD/ZAR,23.1603,0.22
2025-10-29,USD/ZAR,23.2515,0.39
2025-10-30,USD/ZAR,23.2999,0.21
2025-10-31,USD/ZAR,23.1964,-0.44
2025-11-03,USD/ZAR,23.2027,0.03
2025-11-04,USD/ZAR,23.3826,0.78
2025-11-05,USD/ZAR,23.5312,0.64
2025-11-06,USD/ZAR,23.6609,0.55
2025-11-07,USD/ZAR,23.5579,-0.44
2025-11-10,USD/ZAR,23.3877,-0.72
2025-11-11,USD/ZAR,23.5347,0.63
2025-11-12,USD/ZAR,23.5515,0.07
2025-11-13,USD/ZAR,23.6409,0.38
2025-11-14,USD/ZAR,23.7624,0.51
2025-11-17,USD/ZAR,23.865,0.43
2025-11-18,USD/ZAR,23.7291,-0.57
2025-11-19,USD/ZAR,23.6355,-0.39
2025-11-20,USD/ZAR,23.4794,-0.66
2025-11-21,USD/ZAR,23.5052,0.11
2025-11-24,USD/ZAR,23.4965,-0.04
2025-11-25,USD/ZAR,23.8724,1.6
2025-11-26,USD/ZAR,24.1743,1.26
2025-11-27,USD/ZAR,24.0397,-0.56
2025-11-28,USD/ZAR,23.8592,-0.75
2025-12-01,USD/ZAR,23.8231,-0.15
2025-12-02,USD/ZAR,23.9222,0.42
2025-12-03,USD/ZAR,24.0723,0.63
2025-12-04,USD/ZAR,24.0458,-0.11
2025-12-05,USD/ZAR,24.1066,0.25
2025-12-08,USD/ZAR,23.8951,-0.88
2025-12-09,USD/ZAR,24.12,0.94
2025-12-10,USD/ZAR,23.9072,-0.88
2025-12-11,USD/ZAR,23.9052,-0.01
2025-12-12,USD/ZAR,23.8685,-0.15
2025-12-15,USD/ZAR,23.8396,-0.12
2025-12-16,USD/ZAR,23.7411,-0.41
2025-12-17,USD/ZAR,23.5988,-0.6
2025-12-18,USD/ZAR,23.5586,-0.17
2025-12-19,USD/ZAR,23.7212,0.69
2025-12-22,USD/ZAR,24.1015,1.6
2025-12-23,USD/ZAR,24.0674,-0.14
2025-12-24,USD/ZAR,23.787,-1.16
2025-12-25,USD/ZAR,23.6245,-0.68
2025-12-26,USD/ZAR,23.7874,0.69
2025-12-29,USD/ZAR,23.9007,0.48
2025-12-30,USD/ZAR,23.6503,-1.05
2025-12-31,USD/ZAR,23.4829,-0.71
2026-01-01,USD/ZAR,23.5704,0.37
2026-01-02,USD/ZAR,23.5362,-0.15
2026-01-05,USD/ZAR,23.4539,-0.35
2026-01-06,USD/ZAR,23.2118,-1.03
2026-01-07,USD/ZAR,23.2065,-0.02
2026-01-08,USD/ZAR,23.1667,-0.17
2026-01-09,USD/ZAR,23.235,0.29
2026-01-12,USD/ZAR,23.1532,-0.35
2026-01-13,USD/ZAR,23.4717,1.38
2026-01-14,USD/ZAR,23.4814,0.04
2026-01-15,USD/ZAR,23.4226,-0.25
2026-01-16,USD/ZAR,23.3422,-0.34
2026-01-19,USD/ZAR,23.2587,-0.36
2026-01-20,USD/ZAR,23.3311,0.31
2026-01-21,USD/ZAR,23.4642,0.57
2026-01-22,USD/ZAR,23.5054,0.18
2026-01-23,USD/ZAR,23.6354,0.55
2026-01-26,USD/ZAR,23.4763,-0.67
2026-01-27,USD/ZAR,23.7716,1.26
2026-01-28,USD/ZAR,24.0421,1.14
2026-01-29,USD/ZAR,24.1823,0.58
2026-01-30,USD/ZAR,24.0724,-0.45
2026-02-02,USD/ZAR,23.9239,-0.62
2026-02-03,USD/ZAR,23.8777,-0.19
2026-02-04,USD/ZAR,23.9016,0.1
2026-02-05,USD/ZAR,23.7491,-0.64
2026-02-06,USD/ZAR,23.6822,-0.28
2026-02-09,USD/ZAR,23.7353,0.22
2026-02-10,USD/ZAR,23.7007,-0.15
2026-02-11,USD/ZAR,23.4308,-1.14
2026-02-12,USD/ZAR,23.241,-0.81
2026-02-13,USD/ZAR,23.241,0.0
2026-02-16,USD/ZAR,23.3268,0.37
2026-02-17,USD/ZAR,23.1762,-0.65
2026-02-18,USD/ZAR,23.0676,-0.47
2026-02-19,USD/ZAR,22.938,-0.56
2026-02-20,USD/ZAR,23.1223,0.8
2026-02-23,USD/ZAR,23.2145,0.4
2026-02-24,USD/ZAR,23.1527,-0.27
2026-02-25,USD/ZAR,23.1122,-0.17
2026-02-26,USD/ZAR,23.0689,-0.19
2026-02-27,USD/ZAR,22.8765,-0.83
2026-03-02,USD/ZAR,23.0992,0.97
2026-03-03,USD/ZAR,23.4801,1.65
2026-03-04,USD/ZAR,23.4305,-0.21
2026-03-05,USD/ZAR,23.4345,0.02
2026-03-06,USD/ZAR,23.4799,0.19
2026-03-09,USD/ZAR,23.6626,0.78
2026-03-10,USD/ZAR,23.636,-0.11
2026-03-11,USD/ZAR,23.6639,0.12
2026-03-12,USD/ZAR,23.7975,0.56
2026-03-13,USD/ZAR,23.8075,0.04
2026-03-16,USD/ZAR,24.078,1.14
2026-03-17,USD/ZAR,24.2404,0.67
2026-03-18,USD/ZAR,24.2505,0.04
2026-03-19,USD/ZAR,24.5833,1.37
2026-03-20,USD/ZAR,24.5034,-0.32
2026-03-23,USD/ZAR,24.5847,0.33
2026-03-24,USD/ZAR,24.6664,0.33
2026-03-25,USD/ZAR,24.6767,0.04
2026-03-26,USD/ZAR,24.8314,0.63
2026-03-27,USD/ZAR,24.8262,-0.02
2026-03-30,USD/ZAR,24.8633,0.15
2026-03-31,USD/ZAR,24.8933,0.12
2026-04-01,USD/ZAR,25.2076,1.26
2026-04-02,USD/ZAR,25.1675,-0.16
2026-04-03,USD/ZAR,25.0968,-0.28
2026-04-06,USD/ZAR,25.0961,-0.0
2026-04-07,USD/ZAR,25.1024,0.03
2026-04-08,USD/ZAR,24.9981,-0.42
2026-04-09,USD/ZAR,24.7604,-0.95
2026-04-10,USD/ZAR,24.6927,-0.27
2026-04-13,USD/ZAR,24.8894,0.8
2026-04-14,USD/ZAR,24.8788,-0.04
2026-04-15,USD/ZAR,25.0046,0.51
2026-04-16,USD/ZAR,25.0731,0.27
2026-04-17,USD/ZAR,24.9762,-0.39
2026-04-20,USD/ZAR,24.9281,-0.19
2026-04-21,USD/ZAR,25.0595,0.53
2026-04-22,USD/ZAR,25.0314,-0.11
2026-04-23,USD/ZAR,24.8743,-0.63
2026-04-24,USD/ZAR,25.0737,0.8
2026-04-27,USD/ZAR,24.9866,-0.35
2026-04-28,USD/ZAR,24.8931,-0.37
2026-04-29,USD/ZAR,25.1555,1.05
2026-04-30,USD/ZAR,25.1388,-0.07
2026-05-01,USD/ZAR,25.3924,1.01
2026-05-04,USD/ZAR,25.236,-0.62
2026-05-05,USD/ZAR,25.2637,0.11
2026-05-06,USD/ZAR,25.2764,0.05
2026-05-07,USD/ZAR,25.2142,-0.25
2026-05-08,USD/ZAR,25.0386,-0.7
2026-05-11,USD/ZAR,25.0828,0.18
2026-05-12,USD/ZAR,25.0929,0.04
2026-05-13,USD/ZAR,25.0149,-0.31
2026-05-14,USD/ZAR,24.577,-1.75
2026-05-15,USD/ZAR,24.4254,-0.62
2026-05-18,USD/ZAR,24.4179,-0.03
2026-05-19,USD/ZAR,24.5291,0.46
2026-05-20,USD/ZAR,24.4975,-0.13
2026-05-21,USD/ZAR,24.5157,0.07
2026-05-22,USD/ZAR,24.4832,-0.13
2026-05-25,USD/ZAR,24.5368,0.22
2026-05-26,USD/ZAR,24.8965,1.47
2026-05-27,USD/ZAR,24.8326,-0.26
2026-05-28,USD/ZAR,24.9195,0.35
2026-05-29,USD/ZAR,25.0253,0.42
2026-06-01,USD/ZAR,24.9121,-0.45
2026-06-02,USD/ZAR,25.106,0.78
2026-06-03,USD/ZAR,25.1332,0.11
2026-06-04,USD/ZAR,25.3497,0.86
2026-06-05,USD/ZAR,25.163,-0.74
2026-06-08,USD/ZAR,25.1669,0.02
2026-06-09,USD/ZAR,25.3847,0.87
2026-06-10,USD/ZAR,25.732,1.37
2026-06-11,USD/ZAR,25.6169,-0.45
2026-06-12,USD/ZAR,25.5718,-0.18
2026-06-15,USD/ZAR,25.6539,0.32
2026-06-16,USD/ZAR,25.7684,0.45
2026-06-17,USD/ZAR,25.6866,-0.32
2026-06-18,USD/ZAR,25.6615,-0.1
2026-06-19,USD/ZAR,25.6702,0.03
2026-06-22,USD/ZAR,25.6236,-0.18
2026-06-23,USD/ZAR,25.4644,-0.62
2026-06-24,USD/ZAR,25.4899,0.1
2026-06-25,USD/ZAR,25.4376,-0.21
2026-06-26,USD/ZAR,25.6064,0.66
2026-06-29,USD/ZAR,25.5131,-0.36
2026-06-30,USD/ZAR,25.4409,-0.28
2026-07-01,USD/ZAR,25.3286,-0.44
2026-07-02,USD/ZAR,25.2391,-0.35
2026-07-03,USD/ZAR,25.0416,-0.78
2026-07-06,USD/ZAR,24.9142,-0.51
2026-07-07,USD/ZAR,24.7119,-0.81
2026-07-08,USD/ZAR,24.8319,0.49
2026-07-09,USD/ZAR,24.9283,0.39
2026-07-10,USD/ZAR,24.9195,-0.04
2026-07-13,USD/ZAR,24.7868,-0.53
2026-07-14,USD/ZAR,25.0838,1.2
2026-07-15,USD/ZAR,25.263,0.71
2026-07-16,USD/ZAR,25.0049,-1.02
2026-07-17,USD/ZAR,24.8662,-0.55
2026-07-20,USD/ZAR,24.8785,0.05
2026-07-21,USD/ZAR,24.8675,-0.04
2026-07-22,USD/ZAR,24.4794,-1.56
2026-07-23,USD/ZAR,24.4493,-0.12
2026-07-24,USD/ZAR,24.5598,0.45
2026-07-27,USD/ZAR,24.7158,0.64
2026-07-28,USD/ZAR,24.6755,-0.16
2026-07-29,USD/ZAR,24.649,-0.11
2026-07-30,USD/ZAR,24.7668,0.48
2026-07-31,USD/ZAR,25.1626,1.6
2026-08-03,USD/ZAR,25.198,0.14
2026-08-04,USD/ZAR,25.3773,0.71
2026-08-05,USD/ZAR,25.2824,-0.37
2026-08-06,USD/ZAR,25.1723,-0.44
2026-08-07,USD/ZAR,25.0731,-0.39
2026-08-10,USD/ZAR,25.0661,-0.03
2026-08-11,USD/ZAR,24.9062,-0.64
2026-08-12,USD/ZAR,24.9243,0.07
2026-08-13,USD/ZAR,24.9444,0.08
2026-08-14,USD/ZAR,24.8172,-0.51
2026-08-17,USD/ZAR,24.6074,-0.85
2026-08-18,USD/ZAR,24.7632,0.63
2026-08-19,USD/ZAR,24.6017,-0.65
2026-08-20,USD/ZAR,24.739,0.56
2026-08-21,USD/ZAR,24.9604,0.89
2026-08-24,USD/ZAR,24.934,-0.11
2026-08-25,USD/ZAR,24.8872,-0.19
2026-08-26,USD/ZAR,24.8955,0.03
2026-08-27,USD/ZAR,24.89,-0.02
2026-08-28,USD/ZAR,25.0624,0.69
2026-08-31,USD/ZAR,25.231,0.67
2026-09-01,USD/ZAR,25.3317,0.4
2026-09-02,USD/ZAR,24.9621,-1.46
2026-09-03,USD/ZAR,25.1763,0.86
2026-09-04,USD/ZAR,24.9982,-0.71
2026-09-07,USD/ZAR,24.9378,-0.24
2026-09-08,USD/ZAR,24.9223,-0.06
2024-01-01,EUR/USD,1.0816,0.15
2024-01-02,EUR/USD,1.0888,0.67
2024-01-03,EUR/USD,1.0905,0.15
2024-01-04,EUR/USD,1.0923,0.17
2024-01-05,EUR/USD,1.0898,-0.23
2024-01-08,EUR/USD,1.0903,0.05
2024-01-09,EUR/USD,1.0912,0.08
2024-01-10,EUR/USD,1.0849,-0.57
2024-01-11,EUR/USD,1.0886,0.33
2024-01-12,EUR/USD,1.0889,0.03
2024-01-15,EUR/USD,1.0872,-0.16
2024-01-16,EUR/USD,1.0935,0.58
2024-01-17,EUR/USD,1.0928,-0.06
2024-01-18,EUR/USD,1.0939,0.1
2024-01-19,EUR/USD,1.0909,-0.28
2024-01-22,EUR/USD,1.0859,-0.46
2024-01-23,EUR/USD,1.0843,-0.15
2024-01-24,EUR/USD,1.079,-0.49
2024-01-25,EUR/USD,1.0843,0.49
2024-01-26,EUR/USD,1.0832,-0.11
2024-01-29,EUR/USD,1.0781,-0.46
2024-01-30,EUR/USD,1.0755,-0.24
2024-01-31,EUR/USD,1.0727,-0.26
2024-02-01,EUR/USD,1.0701,-0.24
2024-02-02,EUR/USD,1.0667,-0.32
2024-02-05,EUR/USD,1.0669,0.02
2024-02-06,EUR/USD,1.0659,-0.1
2024-02-07,EUR/USD,1.0665,0.06
2024-02-08,EUR/USD,1.065,-0.14
2024-02-09,EUR/USD,1.0701,0.48
2024-02-12,EUR/USD,1.0719,0.17
2024-02-13,EUR/USD,1.0679,-0.38
2024-02-14,EUR/USD,1.0644,-0.32
2024-02-15,EUR/USD,1.0626,-0.17
2024-02-16,EUR/USD,1.0642,0.15
2024-02-19,EUR/USD,1.067,0.27
2024-02-20,EUR/USD,1.0693,0.22
2024-02-21,EUR/USD,1.0691,-0.02
2024-02-22,EUR/USD,1.0677,-0.14
2024-02-23,EUR/USD,1.0675,-0.02
2024-02-26,EUR/USD,1.0628,-0.44
2024-02-27,EUR/USD,1.0665,0.35
2024-02-28,EUR/USD,1.066,-0.05
2024-02-29,EUR/USD,1.0662,0.02
2024-03-01,EUR/USD,1.0649,-0.12
2024-03-04,EUR/USD,1.0629,-0.18
2024-03-05,EUR/USD,1.0645,0.15
2024-03-06,EUR/USD,1.0676,0.3
2024-03-07,EUR/USD,1.0677,0.01
2024-03-08,EUR/USD,1.066,-0.16
2024-03-11,EUR/USD,1.0654,-0.05
2024-03-12,EUR/USD,1.0651,-0.02
2024-03-13,EUR/USD,1.0634,-0.16
2024-03-14,EUR/USD,1.0626,-0.08
2024-03-15,EUR/USD,1.0645,0.18
2024-03-18,EUR/USD,1.0679,0.32
2024-03-19,EUR/USD,1.0716,0.35
2024-03-20,EUR/USD,1.0728,0.11
2024-03-21,EUR/USD,1.0733,0.05
2024-03-22,EUR/USD,1.0776,0.4
2024-03-25,EUR/USD,1.0782,0.06
2024-03-26,EUR/USD,1.0771,-0.1
2024-03-27,EUR/USD,1.0751,-0.19
2024-03-28,EUR/USD,1.0752,0.01
2024-03-29,EUR/USD,1.076,0.07
2024-04-01,EUR/USD,1.0721,-0.36
2024-04-02,EUR/USD,1.0742,0.19
2024-04-03,EUR/USD,1.0746,0.04
2024-04-04,EUR/USD,1.0777,0.28
2024-04-05,EUR/USD,1.077,-0.06
2024-04-08,EUR/USD,1.0812,0.39
2024-04-09,EUR/USD,1.079,-0.2
2024-04-10,EUR/USD,1.0778,-0.11
2024-04-11,EUR/USD,1.0782,0.04
2024-04-12,EUR/USD,1.0787,0.04
2024-04-15,EUR/USD,1.0805,0.17
2024-04-16,EUR/USD,1.0791,-0.13
2024-04-17,EUR/USD,1.0799,0.08
2024-04-18,EUR/USD,1.0797,-0.03
2024-04-19,EUR/USD,1.0809,0.11
2024-04-22,EUR/USD,1.084,0.29
2024-04-23,EUR/USD,1.0827,-0.12
2024-04-24,EUR/USD,1.0879,0.47
2024-04-25,EUR/USD,1.0898,0.18
2024-04-26,EUR/USD,1.0919,0.2
2024-04-29,EUR/USD,1.0865,-0.5
2024-04-30,EUR/USD,1.0847,-0.16
2024-05-01,EUR/USD,1.0877,0.28
2024-05-02,EUR/USD,1.0938,0.56
2024-05-03,EUR/USD,1.096,0.2
2024-05-06,EUR/USD,1.0973,0.12
2024-05-07,EUR/USD,1.0937,-0.33
2024-05-08,EUR/USD,1.0955,0.17
2024-05-09,EUR/USD,1.0908,-0.43
2024-05-10,EUR/USD,1.0949,0.38
2024-05-13,EUR/USD,1.0974,0.22
2024-05-14,EUR/USD,1.099,0.15
2024-05-15,EUR/USD,1.1043,0.49
2024-05-16,EUR/USD,1.1072,0.26
2024-05-17,EUR/USD,1.1049,-0.21
2024-05-20,EUR/USD,1.108,0.28
2024-05-21,EUR/USD,1.1146,0.59
2024-05-22,EUR/USD,1.1149,0.03
2024-05-23,EUR/USD,1.1155,0.05
2024-05-24,EUR/USD,1.1176,0.19
2024-05-27,EUR/USD,1.1168,-0.07
2024-05-28,EUR/USD,1.1133,-0.31
2024-05-29,EUR/USD,1.1048,-0.77
2024-05-30,EUR/USD,1.1004,-0.39
2024-05-31,EUR/USD,1.1019,0.13
2024-06-03,EUR/USD,1.1012,-0.07
2024-06-04,EUR/USD,1.0998,-0.12
2024-06-05,EUR/USD,1.0987,-0.1
2024-06-06,EUR/USD,1.0973,-0.13
2024-06-07,EUR/USD,1.0939,-0.3
2024-06-10,EUR/USD,1.0928,-0.11
2024-06-11,EUR/USD,1.0934,0.05
2024-06-12,EUR/USD,1.0948,0.14
2024-06-13,EUR/USD,1.0868,-0.74
2024-06-14,EUR/USD,1.0834,-0.31
2024-06-17,EUR/USD,1.0838,0.04
2024-06-18,EUR/USD,1.0807,-0.29
2024-06-19,EUR/USD,1.08,-0.06
2024-06-20,EUR/USD,1.0764,-0.33
2024-06-21,EUR/USD,1.0714,-0.46
2024-06-24,EUR/USD,1.0707,-0.07
2024-06-25,EUR/USD,1.0679,-0.26
2024-06-26,EUR/USD,1.0743,0.6
2024-06-27,EUR/USD,1.0785,0.39
2024-06-28,EUR/USD,1.075,-0.33
2024-07-01,EUR/USD,1.0727,-0.21
2024-07-02,EUR/USD,1.0774,0.43
2024-07-03,EUR/USD,1.0817,0.41
2024-07-04,EUR/USD,1.0828,0.09
2024-07-05,EUR/USD,1.0821,-0.06
2024-07-08,EUR/USD,1.0883,0.58
2024-07-09,EUR/USD,1.0898,0.13
2024-07-10,EUR/USD,1.0907,0.08
2024-07-11,EUR/USD,1.0967,0.55
2024-07-12,EUR/USD,1.0958,-0.09
2024-07-15,EUR/USD,1.0956,-0.02
2024-07-16,EUR/USD,1.094,-0.14
2024-07-17,EUR/USD,1.0911,-0.27
2024-07-18,EUR/USD,1.0945,0.31
2024-07-19,EUR/USD,1.0971,0.24
2024-07-22,EUR/USD,1.1019,0.43
2024-07-23,EUR/USD,1.1029,0.09
2024-07-24,EUR/USD,1.1027,-0.02
2024-07-25,EUR/USD,1.103,0.03
2024-07-26,EUR/USD,1.1066,0.33
2024-07-29,EUR/USD,1.1044,-0.2
2024-07-30,EUR/USD,1.1092,0.43
2024-07-31,EUR/USD,1.1057,-0.31
2024-08-01,EUR/USD,1.1074,0.15
2024-08-02,EUR/USD,1.1067,-0.07
2024-08-05,EUR/USD,1.1043,-0.21
2024-08-06,EUR/USD,1.1083,0.36
2024-08-07,EUR/USD,1.1083,0.0
2024-08-08,EUR/USD,1.1062,-0.19
2024-08-09,EUR/USD,1.1036,-0.23
2024-08-12,EUR/USD,1.107,0.31
2024-08-13,EUR/USD,1.1098,0.25
2024-08-14,EUR/USD,1.1139,0.37
2024-08-15,EUR/USD,1.1126,-0.11
2024-08-16,EUR/USD,1.1141,0.13
2024-08-19,EUR/USD,1.1127,-0.12
2024-08-20,EUR/USD,1.1095,-0.29
2024-08-21,EUR/USD,1.1131,0.32
2024-08-22,EUR/USD,1.1151,0.18
2024-08-23,EUR/USD,1.1099,-0.47
2024-08-26,EUR/USD,1.1089,-0.09
2024-08-27,EUR/USD,1.1096,0.06
2024-08-28,EUR/USD,1.109,-0.05
2024-08-29,EUR/USD,1.1048,-0.38
2024-08-30,EUR/USD,1.1058,0.09
2024-09-02,EUR/USD,1.1113,0.5
2024-09-03,EUR/USD,1.1077,-0.33
2024-09-04,EUR/USD,1.1053,-0.21
2024-09-05,EUR/USD,1.1042,-0.1
2024-09-06,EUR/USD,1.1064,0.2
2024-09-09,EUR/USD,1.1052,-0.11
2024-09-10,EUR/USD,1.1026,-0.23
2024-09-11,EUR/USD,1.1064,0.34
2024-09-12,EUR/USD,1.1121,0.51
2024-09-13,EUR/USD,1.1062,-0.53
2024-09-16,EUR/USD,1.1063,0.01
2024-09-17,EUR/USD,1.1063,-0.01
2024-09-18,EUR/USD,1.1056,-0.06
2024-09-19,EUR/USD,1.1088,0.29
2024-09-20,EUR/USD,1.1041,-0.42
2024-09-23,EUR/USD,1.1084,0.39
2024-09-24,EUR/USD,1.111,0.24
2024-09-25,EUR/USD,1.1108,-0.02
2024-09-26,EUR/USD,1.1093,-0.13
2024-09-27,EUR/USD,1.1094,0.01
2024-09-30,EUR/USD,1.103,-0.58
2024-10-01,EUR/USD,1.0978,-0.47
2024-10-02,EUR/USD,1.0945,-0.3
2024-10-03,EUR/USD,1.0878,-0.61
2024-10-04,EUR/USD,1.0935,0.52
2024-10-07,EUR/USD,1.0873,-0.56
2024-10-08,EUR/USD,1.0874,0.01
2024-10-09,EUR/USD,1.0879,0.04
2024-10-10,EUR/USD,1.0872,-0.06
2024-10-11,EUR/USD,1.0871,-0.01
2024-10-14,EUR/USD,1.085,-0.19
2024-10-15,EUR/USD,1.0813,-0.35
2024-10-16,EUR/USD,1.0827,0.13
2024-10-17,EUR/USD,1.0794,-0.31
2024-10-18,EUR/USD,1.0779,-0.13
2024-10-21,EUR/USD,1.0776,-0.03
2024-10-22,EUR/USD,1.0757,-0.17
2024-10-23,EUR/USD,1.0736,-0.2
2024-10-24,EUR/USD,1.0757,0.2
2024-10-25,EUR/USD,1.0759,0.02
2024-10-28,EUR/USD,1.0778,0.18
2024-10-29,EUR/USD,1.076,-0.16
2024-10-30,EUR/USD,1.0711,-0.46
2024-10-31,EUR/USD,1.0695,-0.15
2024-11-01,EUR/USD,1.0681,-0.13
2024-11-04,EUR/USD,1.0708,0.25
2024-11-05,EUR/USD,1.0702,-0.05
2024-11-06,EUR/USD,1.0727,0.24
2024-11-07,EUR/USD,1.0724,-0.03
2024-11-08,EUR/USD,1.0698,-0.25
2024-11-11,EUR/USD,1.0722,0.22
2024-11-12,EUR/USD,1.0727,0.05
2024-11-13,EUR/USD,1.073,0.03
2024-11-14,EUR/USD,1.0664,-0.62
2024-11-15,EUR/USD,1.0634,-0.28
2024-11-18,EUR/USD,1.0612,-0.2
2024-11-19,EUR/USD,1.0619,0.06
2024-11-20,EUR/USD,1.0586,-0.31
2024-11-21,EUR/USD,1.0586,-0.0
2024-11-22,EUR/USD,1.0561,-0.24
2024-11-25,EUR/USD,1.0547,-0.14
2024-11-26,EUR/USD,1.0543,-0.04
2024-11-27,EUR/USD,1.0546,0.03
2024-11-28,EUR/USD,1.0564,0.17
2024-11-29,EUR/USD,1.0585,0.2
2024-12-02,EUR/USD,1.0523,-0.59
2024-12-03,EUR/USD,1.0535,0.11
2024-12-04,EUR/USD,1.0594,0.56
2024-12-05,EUR/USD,1.0568,-0.25
2024-12-06,EUR/USD,1.0578,0.09
2024-12-09,EUR/USD,1.0588,0.1
2024-12-10,EUR/USD,1.0605,0.16
2024-12-11,EUR/USD,1.0567,-0.36
2024-12-12,EUR/USD,1.0587,0.19
2024-12-13,EUR/USD,1.0617,0.29
2024-12-16,EUR/USD,1.0656,0.37
2024-12-17,EUR/USD,1.0641,-0.15
2024-12-18,EUR/USD,1.0593,-0.44
2024-12-19,EUR/USD,1.0597,0.03
2024-12-20,EUR/USD,1.0592,-0.05
2024-12-23,EUR/USD,1.0595,0.03
2024-12-24,EUR/USD,1.0614,0.18
2024-12-25,EUR/USD,1.0558,-0.53
2024-12-26,EUR/USD,1.0552,-0.06
2024-12-27,EUR/USD,1.0548,-0.03
2024-12-30,EUR/USD,1.0574,0.25
2024-12-31,EUR/USD,1.0555,-0.19
2025-01-01,EUR/USD,1.0532,-0.21
2025-01-02,EUR/USD,1.0531,-0.01
2025-01-03,EUR/USD,1.0577,0.44
2025-01-06,EUR/USD,1.057,-0.07
2025-01-07,EUR/USD,1.0496,-0.7
2025-01-08,EUR/USD,1.0524,0.27
2025-01-09,EUR/USD,1.0528,0.04
2025-01-10,EUR/USD,1.055,0.21
2025-01-13,EUR/USD,1.0542,-0.07
2025-01-14,EUR/USD,1.0525,-0.17
2025-01-15,EUR/USD,1.0516,-0.08
2025-01-16,EUR/USD,1.0577,0.57
2025-01-17,EUR/USD,1.0593,0.15
2025-01-20,EUR/USD,1.0596,0.04
2025-01-21,EUR/USD,1.0568,-0.27
2025-01-22,EUR/USD,1.0563,-0.05
2025-01-23,EUR/USD,1.0564,0.02
2025-01-24,EUR/USD,1.0588,0.22
2025-01-27,EUR/USD,1.0593,0.05
2025-01-28,EUR/USD,1.0577,-0.16
2025-01-29,EUR/USD,1.0622,0.43
2025-01-30,EUR/USD,1.0626,0.04
2025-01-31,EUR/USD,1.0626,-0.0
2025-02-03,EUR/USD,1.0585,-0.39
2025-02-04,EUR/USD,1.0562,-0.21
2025-02-05,EUR/USD,1.0558,-0.04
2025-02-06,EUR/USD,1.052,-0.36
2025-02-07,EUR/USD,1.0549,0.27
2025-02-10,EUR/USD,1.0571,0.21
2025-02-11,EUR/USD,1.0582,0.11
2025-02-12,EUR/USD,1.0605,0.21
2025-02-13,EUR/USD,1.0582,-0.22
2025-02-14,EUR/USD,1.0582,0.0
2025-02-17,EUR/USD,1.0618,0.34
2025-02-18,EUR/USD,1.0654,0.34
2025-02-19,EUR/USD,1.0668,0.14
2025-02-20,EUR/USD,1.0672,0.04
2025-02-21,EUR/USD,1.0622,-0.47
2025-02-24,EUR/USD,1.0648,0.25
2025-02-25,EUR/USD,1.0625,-0.22
2025-02-26,EUR/USD,1.066,0.33
2025-02-27,EUR/USD,1.0721,0.58
2025-02-28,EUR/USD,1.071,-0.1
2025-03-03,EUR/USD,1.0722,0.11
2025-03-04,EUR/USD,1.0746,0.22
2025-03-05,EUR/USD,1.0752,0.06
2025-03-06,EUR/USD,1.0837,0.78
2025-03-07,EUR/USD,1.08,-0.34
2025-03-10,EUR/USD,1.0782,-0.17
2025-03-11,EUR/USD,1.0806,0.23
2025-03-12,EUR/USD,1.0815,0.08
2025-03-13,EUR/USD,1.0832,0.15
2025-03-14,EUR/USD,1.0822,-0.1
2025-03-17,EUR/USD,1.0846,0.22
2025-03-18,EUR/USD,1.0786,-0.55
2025-03-19,EUR/USD,1.0794,0.08
2025-03-20,EUR/USD,1.0785,-0.08
2025-03-21,EUR/USD,1.079,0.04
2025-03-24,EUR/USD,1.0741,-0.46
2025-03-25,EUR/USD,1.076,0.18
2025-03-26,EUR/USD,1.0791,0.29
2025-03-27,EUR/USD,1.0818,0.26
2025-03-28,EUR/USD,1.082,0.01
2025-03-31,EUR/USD,1.0899,0.73
2025-04-01,EUR/USD,1.0904,0.05
2025-04-02,EUR/USD,1.0888,-0.15
2025-04-03,EUR/USD,1.0825,-0.58
2025-04-04,EUR/USD,1.0857,0.3
2025-04-07,EUR/USD,1.086,0.03
2025-04-08,EUR/USD,1.0845,-0.14
2025-04-09,EUR/USD,1.0846,0.01
2025-04-10,EUR/USD,1.0847,0.01
2025-04-11,EUR/USD,1.0817,-0.28
2025-04-14,EUR/USD,1.0823,0.06
2025-04-15,EUR/USD,1.0851,0.26
2025-04-16,EUR/USD,1.0818,-0.31
2025-04-17,EUR/USD,1.085,0.3
2025-04-18,EUR/USD,1.0868,0.16
2025-04-21,EUR/USD,1.0883,0.14
2025-04-22,EUR/USD,1.0907,0.22
2025-04-23,EUR/USD,1.0923,0.15
2025-04-24,EUR/USD,1.0933,0.08
2025-04-25,EUR/USD,1.0921,-0.1
2025-04-28,EUR/USD,1.0938,0.15
2025-04-29,EUR/USD,1.0907,-0.29
2025-04-30,EUR/USD,1.0934,0.25
2025-05-01,EUR/USD,1.0935,0.0
2025-05-02,EUR/USD,1.0927,-0.07
2025-05-05,EUR/USD,1.0939,0.11
2025-05-06,EUR/USD,1.0862,-0.7
2025-05-07,EUR/USD,1.0854,-0.08
2025-05-08,EUR/USD,1.0768,-0.79
2025-05-09,EUR/USD,1.0787,0.17
2025-05-12,EUR/USD,1.0776,-0.1
2025-05-13,EUR/USD,1.0771,-0.04
2025-05-14,EUR/USD,1.0765,-0.06
2025-05-15,EUR/USD,1.0755,-0.09
2025-05-16,EUR/USD,1.0714,-0.38
2025-05-19,EUR/USD,1.0665,-0.46
2025-05-20,EUR/USD,1.0699,0.32
2025-05-21,EUR/USD,1.0694,-0.05
2025-05-22,EUR/USD,1.0712,0.17
2025-05-23,EUR/USD,1.0739,0.25
2025-05-26,EUR/USD,1.0713,-0.25
2025-05-27,EUR/USD,1.0708,-0.04
2025-05-28,EUR/USD,1.0741,0.31
2025-05-29,EUR/USD,1.0776,0.32
2025-05-30,EUR/USD,1.0758,-0.16
2025-06-02,EUR/USD,1.0709,-0.46
2025-06-03,EUR/USD,1.0735,0.24
2025-06-04,EUR/USD,1.075,0.14
2025-06-05,EUR/USD,1.0732,-0.16
2025-06-06,EUR/USD,1.0748,0.15
2025-06-09,EUR/USD,1.0725,-0.22
2025-06-10,EUR/USD,1.0677,-0.44
2025-06-11,EUR/USD,1.065,-0.26
2025-06-12,EUR/USD,1.0674,0.23
2025-06-13,EUR/USD,1.0715,0.38
2025-06-16,EUR/USD,1.073,0.14
2025-06-17,EUR/USD,1.073,-0.0
2025-06-18,EUR/USD,1.0675,-0.51
2025-06-19,EUR/USD,1.0686,0.1
2025-06-20,EUR/USD,1.0656,-0.28
2025-06-23,EUR/USD,1.0677,0.2
2025-06-24,EUR/USD,1.069,0.12
2025-06-25,EUR/USD,1.068,-0.1
2025-06-26,EUR/USD,1.0664,-0.16
2025-06-27,EUR/USD,1.0672,0.08
2025-06-30,EUR/USD,1.0681,0.08
2025-07-01,EUR/USD,1.0718,0.35
2025-07-02,EUR/USD,1.0747,0.27
2025-07-03,EUR/USD,1.0697,-0.47
2025-07-04,EUR/USD,1.0681,-0.15
2025-07-07,EUR/USD,1.073,0.46
2025-07-08,EUR/USD,1.0726,-0.04
2025-07-09,EUR/USD,1.0738,0.11
2025-07-10,EUR/USD,1.0764,0.24
2025-07-11,EUR/USD,1.0742,-0.2
2025-07-14,EUR/USD,1.0728,-0.13
2025-07-15,EUR/USD,1.0778,0.47
2025-07-16,EUR/USD,1.0848,0.65
2025-07-17,EUR/USD,1.0854,0.06
2025-07-18,EUR/USD,1.0831,-0.22
2025-07-21,EUR/USD,1.0817,-0.13
2025-07-22,EUR/USD,1.084,0.22
2025-07-23,EUR/USD,1.0865,0.23
2025-07-24,EUR/USD,1.0872,0.06
2025-07-25,EUR/USD,1.0841,-0.29
2025-07-28,EUR/USD,1.0865,0.23
2025-07-29,EUR/USD,1.0799,-0.61
2025-07-30,EUR/USD,1.0811,0.11
2025-07-31,EUR/USD,1.0758,-0.49
2025-08-01,EUR/USD,1.0784,0.25
2025-08-04,EUR/USD,1.0769,-0.14
2025-08-05,EUR/USD,1.0731,-0.36
2025-08-06,EUR/USD,1.0807,0.71
2025-08-07,EUR/USD,1.0774,-0.31
2025-08-08,EUR/USD,1.0861,0.81
2025-08-11,EUR/USD,1.0848,-0.12
2025-08-12,EUR/USD,1.0849,0.01
2025-08-13,EUR/USD,1.0807,-0.39
2025-08-14,EUR/USD,1.082,0.12
2025-08-15,EUR/USD,1.0841,0.19
2025-08-18,EUR/USD,1.0936,0.88
2025-08-19,EUR/USD,1.0905,-0.28
2025-08-20,EUR/USD,1.0915,0.09
2025-08-21,EUR/USD,1.0854,-0.57
2025-08-22,EUR/USD,1.0821,-0.3
2025-08-25,EUR/USD,1.0809,-0.11
2025-08-26,EUR/USD,1.0846,0.34
2025-08-27,EUR/USD,1.0807,-0.37
2025-08-28,EUR/USD,1.0816,0.08
2025-08-29,EUR/USD,1.084,0.22
2025-09-01,EUR/USD,1.0818,-0.2
2025-09-02,EUR/USD,1.0844,0.24
2025-09-03,EUR/USD,1.0811,-0.31
2025-09-04,EUR/USD,1.0799,-0.11
2025-09-05,EUR/USD,1.0852,0.49
2025-09-08,EUR/USD,1.0831,-0.19
2025-09-09,EUR/USD,1.0835,0.03
2025-09-10,EUR/USD,1.0827,-0.07
2025-09-11,EUR/USD,1.0792,-0.33
2025-09-12,EUR/USD,1.0818,0.24
2025-09-15,EUR/USD,1.0828,0.09
2025-09-16,EUR/USD,1.0803,-0.23
2025-09-17,EUR/USD,1.0792,-0.1
2025-09-18,EUR/USD,1.0781,-0.1
2025-09-19,EUR/USD,1.0795,0.13
2025-09-22,EUR/USD,1.0757,-0.35
2025-09-23,EUR/USD,1.0796,0.36
2025-09-24,EUR/USD,1.0827,0.29
2025-09-25,EUR/USD,1.0816,-0.1
2025-09-26,EUR/USD,1.0815,-0.01
2025-09-29,EUR/USD,1.0743,-0.67
2025-09-30,EUR/USD,1.079,0.44
2025-10-01,EUR/USD,1.0776,-0.13
2025-10-02,EUR/USD,1.0798,0.2
2025-10-03,EUR/USD,1.0842,0.41
2025-10-06,EUR/USD,1.0805,-0.34
2025-10-07,EUR/USD,1.0819,0.13
2025-10-08,EUR/USD,1.085,0.29
2025-10-09,EUR/USD,1.0833,-0.16
2025-10-10,EUR/USD,1.085,0.16
2025-10-13,EUR/USD,1.0814,-0.33
2025-10-14,EUR/USD,1.085,0.33
2025-10-15,EUR/USD,1.079,-0.55
2025-10-16,EUR/USD,1.0802,0.11
2025-10-17,EUR/USD,1.0829,0.25
2025-10-20,EUR/USD,1.0822,-0.06
2025-10-21,EUR/USD,1.0785,-0.34
2025-10-22,EUR/USD,1.0817,0.29
2025-10-23,EUR/USD,1.0828,0.1
2025-10-24,EUR/USD,1.0872,0.41
2025-10-27,EUR/USD,1.0843,-0.27
2025-10-28,EUR/USD,1.0854,0.11
2025-10-29,EUR/USD,1.0914,0.54
2025-10-30,EUR/USD,1.0877,-0.33
2025-10-31,EUR/USD,1.0927,0.46
2025-11-03,EUR/USD,1.0903,-0.23
2025-11-04,EUR/USD,1.0941,0.35
2025-11-05,EUR/USD,1.0933,-0.07
2025-11-06,EUR/USD,1.0909,-0.22
2025-11-07,EUR/USD,1.0863,-0.42
2025-11-10,EUR/USD,1.0833,-0.27
2025-11-11,EUR/USD,1.0796,-0.34
2025-11-12,EUR/USD,1.0808,0.11
2025-11-13,EUR/USD,1.0864,0.52
2025-11-14,EUR/USD,1.0888,0.22
2025-11-17,EUR/USD,1.0858,-0.28
2025-11-18,EUR/USD,1.0922,0.59
2025-11-19,EUR/USD,1.0873,-0.44
2025-11-20,EUR/USD,1.0892,0.17
2025-11-21,EUR/USD,1.0907,0.14
2025-11-24,EUR/USD,1.0891,-0.15
2025-11-25,EUR/USD,1.0846,-0.41
2025-11-26,EUR/USD,1.0869,0.21
2025-11-27,EUR/USD,1.0878,0.08
2025-11-28,EUR/USD,1.0796,-0.75
2025-12-01,EUR/USD,1.0809,0.12
2025-12-02,EUR/USD,1.0813,0.04
2025-12-03,EUR/USD,1.085,0.35
2025-12-04,EUR/USD,1.0862,0.11
2025-12-05,EUR/USD,1.0917,0.5
2025-12-08,EUR/USD,1.0941,0.22
2025-12-09,EUR/USD,1.0936,-0.04
2025-12-10,EUR/USD,1.0957,0.19
2025-12-11,EUR/USD,1.0984,0.25
2025-12-12,EUR/USD,1.0983,-0.01
2025-12-15,EUR/USD,1.096,-0.21
2025-12-16,EUR/USD,1.0999,0.35
2025-12-17,EUR/USD,1.0946,-0.48
2025-12-18,EUR/USD,1.0942,-0.04
2025-12-19,EUR/USD,1.09,-0.39
2025-12-22,EUR/USD,1.0885,-0.14
2025-12-23,EUR/USD,1.0884,-0.01
2025-12-24,EUR/USD,1.0918,0.31
2025-12-25,EUR/USD,1.0888,-0.28
2025-12-26,EUR/USD,1.0875,-0.12
2025-12-29,EUR/USD,1.0857,-0.17
2025-12-30,EUR/USD,1.0862,0.05
2025-12-31,EUR/USD,1.0937,0.69
2026-01-01,EUR/USD,1.0901,-0.33
2026-01-02,EUR/USD,1.0914,0.12
2026-01-05,EUR/USD,1.0904,-0.09
2026-01-06,EUR/USD,1.0901,-0.03
2026-01-07,EUR/USD,1.082,-0.74
2026-01-08,EUR/USD,1.0802,-0.17
2026-01-09,EUR/USD,1.0793,-0.08
2026-01-12,EUR/USD,1.0779,-0.13
2026-01-13,EUR/USD,1.0724,-0.51
2026-01-14,EUR/USD,1.0691,-0.31
2026-01-15,EUR/USD,1.0673,-0.17
2026-01-16,EUR/USD,1.0711,0.35
2026-01-19,EUR/USD,1.0756,0.42
2026-01-20,EUR/USD,1.0722,-0.31
2026-01-21,EUR/USD,1.0742,0.19
2026-01-22,EUR/USD,1.076,0.16
2026-01-23,EUR/USD,1.0678,-0.76
2026-01-26,EUR/USD,1.0702,0.23
2026-01-27,EUR/USD,1.0672,-0.28
2026-01-28,EUR/USD,1.069,0.17
2026-01-29,EUR/USD,1.0743,0.49
2026-01-30,EUR/USD,1.0788,0.42
2026-02-02,EUR/USD,1.077,-0.17
2026-02-03,EUR/USD,1.0811,0.38
2026-02-04,EUR/USD,1.0813,0.03
2026-02-05,EUR/USD,1.0798,-0.14
2026-02-06,EUR/USD,1.0786,-0.11
2026-02-09,EUR/USD,1.0744,-0.38
2026-02-10,EUR/USD,1.0779,0.32
2026-02-11,EUR/USD,1.0747,-0.3
2026-02-12,EUR/USD,1.0758,0.11
2026-02-13,EUR/USD,1.0751,-0.07
2026-02-16,EUR/USD,1.0775,0.23
2026-02-17,EUR/USD,1.0782,0.06
2026-02-18,EUR/USD,1.0825,0.4
2026-02-19,EUR/USD,1.0839,0.13
2026-02-20,EUR/USD,1.0837,-0.02
2026-02-23,EUR/USD,1.0788,-0.45
2026-02-24,EUR/USD,1.0761,-0.25
2026-02-25,EUR/USD,1.0722,-0.36
2026-02-26,EUR/USD,1.0711,-0.1
2026-02-27,EUR/USD,1.0722,0.1
2026-03-02,EUR/USD,1.0654,-0.63
2026-03-03,EUR/USD,1.0621,-0.31
2026-03-04,EUR/USD,1.0638,0.16
2026-03-05,EUR/USD,1.0644,0.06
2026-03-06,EUR/USD,1.0612,-0.29
2026-03-09,EUR/USD,1.0638,0.24
2026-03-10,EUR/USD,1.0746,1.01
2026-03-11,EUR/USD,1.077,0.22
2026-03-12,EUR/USD,1.0791,0.19
2026-03-13,EUR/USD,1.0771,-0.18
2026-03-16,EUR/USD,1.0756,-0.13
2026-03-17,EUR/USD,1.0809,0.49
2026-03-18,EUR/USD,1.0783,-0.24
2026-03-19,EUR/USD,1.077,-0.12
2026-03-20,EUR/USD,1.0735,-0.33
2026-03-23,EUR/USD,1.0723,-0.11
2026-03-24,EUR/USD,1.0657,-0.62
2026-03-25,EUR/USD,1.0654,-0.02
2026-03-26,EUR/USD,1.0707,0.5
2026-03-27,EUR/USD,1.0721,0.13
2026-03-30,EUR/USD,1.0697,-0.22
2026-03-31,EUR/USD,1.0689,-0.08
2026-04-01,EUR/USD,1.0729,0.38
2026-04-02,EUR/USD,1.0732,0.03
2026-04-03,EUR/USD,1.0727,-0.05
2026-04-06,EUR/USD,1.0719,-0.08
2026-04-07,EUR/USD,1.0701,-0.16
2026-04-08,EUR/USD,1.0714,0.12
2026-04-09,EUR/USD,1.0716,0.03
2026-04-10,EUR/USD,1.0715,-0.01
2026-04-13,EUR/USD,1.0771,0.52
2026-04-14,EUR/USD,1.0768,-0.03
2026-04-15,EUR/USD,1.0819,0.48
2026-04-16,EUR/USD,1.0849,0.28
2026-04-17,EUR/USD,1.0885,0.33
2026-04-20,EUR/USD,1.0913,0.26
2026-04-21,EUR/USD,1.0969,0.51
2026-04-22,EUR/USD,1.0961,-0.07
2026-04-23,EUR/USD,1.0962,0.01
2026-04-24,EUR/USD,1.0914,-0.44
2026-04-27,EUR/USD,1.0914,0.0
2026-04-28,EUR/USD,1.0901,-0.12
2026-04-29,EUR/USD,1.0934,0.31
2026-04-30,EUR/USD,1.1,0.61
2026-05-01,EUR/USD,1.0914,-0.78
2026-05-04,EUR/USD,1.091,-0.04
2026-05-05,EUR/USD,1.0899,-0.1
2026-05-06,EUR/USD,1.0901,0.02
2026-05-07,EUR/USD,1.0863,-0.35
2026-05-08,EUR/USD,1.0856,-0.07
2026-05-11,EUR/USD,1.084,-0.14
2026-05-12,EUR/USD,1.0798,-0.4
2026-05-13,EUR/USD,1.0773,-0.23
2026-05-14,EUR/USD,1.087,0.9
2026-05-15,EUR/USD,1.0851,-0.18
2026-05-18,EUR/USD,1.0822,-0.26
2026-05-19,EUR/USD,1.0818,-0.04
2026-05-20,EUR/USD,1.0752,-0.61
2026-05-21,EUR/USD,1.0737,-0.15
2026-05-22,EUR/USD,1.0715,-0.21
2026-05-25,EUR/USD,1.0677,-0.35
2026-05-26,EUR/USD,1.063,-0.44
2026-05-27,EUR/USD,1.0582,-0.45
2026-05-28,EUR/USD,1.0632,0.47
2026-05-29,EUR/USD,1.0667,0.33
2026-06-01,EUR/USD,1.0698,0.29
2026-06-02,EUR/USD,1.0727,0.27
2026-06-03,EUR/USD,1.0712,-0.13
2026-06-04,EUR/USD,1.07,-0.12
2026-06-05,EUR/USD,1.0709,0.09
2026-06-08,EUR/USD,1.0681,-0.27
2026-06-09,EUR/USD,1.0678,-0.02
2026-06-10,EUR/USD,1.0632,-0.43
2026-06-11,EUR/USD,1.0636,0.03
2026-06-12,EUR/USD,1.0678,0.39
2026-06-15,EUR/USD,1.0676,-0.02
2026-06-16,EUR/USD,1.0703,0.25
2026-06-17,EUR/USD,1.0687,-0.15
2026-06-18,EUR/USD,1.0751,0.6
2026-06-19,EUR/USD,1.0809,0.54
2026-06-22,EUR/USD,1.0817,0.07
2026-06-23,EUR/USD,1.0725,-0.85
2026-06-24,EUR/USD,1.0677,-0.45
2026-06-25,EUR/USD,1.0705,0.26
2026-06-26,EUR/USD,1.0712,0.07
2026-06-29,EUR/USD,1.0734,0.2
2026-06-30,EUR/USD,1.0699,-0.33
2026-07-01,EUR/USD,1.0701,0.02
2026-07-02,EUR/USD,1.0753,0.49
2026-07-03,EUR/USD,1.0773,0.18
2026-07-06,EUR/USD,1.0797,0.23
2026-07-07,EUR/USD,1.0833,0.33
2026-07-08,EUR/USD,1.0787,-0.42
2026-07-09,EUR/USD,1.0805,0.16
2026-07-10,EUR/USD,1.0844,0.37
2026-07-13,EUR/USD,1.0861,0.16
2026-07-14,EUR/USD,1.0785,-0.7
2026-07-15,EUR/USD,1.0763,-0.2
2026-07-16,EUR/USD,1.079,0.25
2026-07-17,EUR/USD,1.0841,0.48
2026-07-20,EUR/USD,1.0802,-0.37
2026-07-21,EUR/USD,1.0749,-0.48
2026-07-22,EUR/USD,1.072,-0.27
2026-07-23,EUR/USD,1.0751,0.29
2026-07-24,EUR/USD,1.073,-0.19
2026-07-27,EUR/USD,1.0685,-0.43
2026-07-28,EUR/USD,1.063,-0.51
2026-07-29,EUR/USD,1.0619,-0.1
2026-07-30,EUR/USD,1.0606,-0.12
2026-07-31,EUR/USD,1.0492,-1.08
2026-08-03,EUR/USD,1.0486,-0.06
2026-08-04,EUR/USD,1.053,0.42
2026-08-05,EUR/USD,1.0532,0.02
2026-08-06,EUR/USD,1.0493,-0.37
2026-08-07,EUR/USD,1.0517,0.23
2026-08-10,EUR/USD,1.0535,0.17
2026-08-11,EUR/USD,1.0511,-0.23
2026-08-12,EUR/USD,1.0535,0.22
2026-08-13,EUR/USD,1.0491,-0.41
2026-08-14,EUR/USD,1.0485,-0.06
2026-08-17,EUR/USD,1.0474,-0.1
2026-08-18,EUR/USD,1.0522,0.45
2026-08-19,EUR/USD,1.0502,-0.19
2026-08-20,EUR/USD,1.0469,-0.32
2026-08-21,EUR/USD,1.0495,0.25
2026-08-24,EUR/USD,1.0511,0.15
2026-08-25,EUR/USD,1.0528,0.16
2026-08-26,EUR/USD,1.0562,0.33
2026-08-27,EUR/USD,1.06,0.36
2026-08-28,EUR/USD,1.0602,0.02
2026-08-31,EUR/USD,1.0591,-0.11
2026-09-01,EUR/USD,1.0533,-0.54
2026-09-02,EUR/USD,1.0579,0.43
2026-09-03,EUR/USD,1.0606,0.26
2026-09-04,EUR/USD,1.0594,-0.11
2026-09-07,EUR/USD,1.0603,0.08
2026-09-08,EUR/USD,1.0594,-0.09
